"site","date","count","treatment"
"M-1",2024-03-10,0,"mine"
"M-1",2024-03-11,0,"mine"
"M-1",2024-03-12,1,"mine"
"M-1",2024-03-13,0,"mine"
"M-1",2024-03-14,0,"mine"
"M-1",2024-03-15,59,"mine"
"M-1",2024-03-16,0,"mine"
"M-1",2024-03-17,61,"mine"
"M-1",2024-03-18,0,"mine"
"M-1",2024-03-19,5,"mine"
"M-1",2024-03-20,95,"mine"
"M-1",2024-03-21,105,"mine"
"M-1",2024-03-22,146,"mine"
"M-1",2024-03-23,56,"mine"
"M-1",2024-03-24,5,"mine"
"M-1",2024-03-25,61,"mine"
"M-1",2024-03-26,15,"mine"
"M-1",2024-03-27,30,"mine"
"M-1",2024-03-28,83,"mine"
"M-1",2024-03-29,0,"mine"
"M-1",2024-03-30,4,"mine"
"M-1",2024-03-31,78,"mine"
"M-1",2024-04-01,86,"mine"
"M-1",2024-04-02,57,"mine"
"M-1",2024-04-03,34,"mine"
"M-1",2024-04-04,21,"mine"
"M-1",2024-04-05,0,"mine"
"M-1",2024-04-06,25,"mine"
"M-1",2024-04-07,17,"mine"
"M-1",2024-04-08,120,"mine"
"M-1",2024-04-09,109,"mine"
"M-1",2024-04-10,53,"mine"
"M-1",2024-04-11,1,"mine"
"M-1",2024-04-12,15,"mine"
"M-1",2024-04-13,55,"mine"
"M-1",2024-04-14,191,"mine"
"M-1",2024-04-15,76,"mine"
"M-1",2024-04-16,161,"mine"
"M-1",2024-04-17,131,"mine"
"M-1",2024-04-18,218,"mine"
"M-1",2024-04-19,368,"mine"
"M-1",2024-04-20,364,"mine"
"M-1",2024-04-21,144,"mine"
"M-1",2024-04-22,277,"mine"
"M-1",2024-04-23,228,"mine"
"M-1",2024-04-24,232,"mine"
"M-1",2024-04-25,68,"mine"
"M-1",2024-04-26,60,"mine"
"M-1",2024-04-27,129,"mine"
"M-1",2024-04-28,133,"mine"
"M-1",2024-04-29,154,"mine"
"M-1",2024-04-30,133,"mine"
"M-1",2024-05-01,196,"mine"
"M-1",2024-05-02,107,"mine"
"M-1",2024-05-03,231,"mine"
"M-1",2024-05-04,317,"mine"
"M-1",2024-05-05,191,"mine"
"M-1",2024-05-06,173,"mine"
"M-1",2024-05-07,155,"mine"
"M-1",2024-05-08,122,"mine"
"M-1",2024-05-09,58,"mine"
"M-1",2024-05-10,150,"mine"
"M-1",2024-05-11,56,"mine"
"M-1",2024-05-12,176,"mine"
"M-1",2024-05-13,179,"mine"
"M-1",2024-05-14,44,"mine"
"M-1",2024-05-15,67,"mine"
"M-1",2024-05-16,218,"mine"
"M-1",2024-05-17,148,"mine"
"M-1",2024-05-18,34,"mine"
"M-1",2024-05-19,3,"mine"
"M-1",2024-05-20,87,"mine"
"M-1",2024-05-21,58,"mine"
"M-1",2024-05-22,61,"mine"
"M-1",2024-05-23,287,"mine"
"M-1",2024-05-24,53,"mine"
"M-1",2024-05-25,92,"mine"
"M-1",2024-05-26,192,"mine"
"M-1",2024-05-27,307,"mine"
"M-1",2024-05-28,157,"mine"
"M-1",2024-05-29,83,"mine"
"M-1",2024-05-30,110,"mine"
"M-1",2024-05-31,102,"mine"
"M-1",2024-06-01,61,"mine"
"M-1",2024-06-02,83,"mine"
"M-1",2024-06-03,96,"mine"
"M-1",2024-06-04,116,"mine"
"M-1",2024-06-05,224,"mine"
"M-1",2024-06-06,256,"mine"
"M-1",2024-06-07,257,"mine"
"M-1",2024-06-08,104,"mine"
"M-1",2024-06-09,258,"mine"
"M-1",2024-06-10,58,"mine"
"M-1",2024-06-11,73,"mine"
"M-1",2024-06-12,101,"mine"
"M-1",2024-06-13,59,"mine"
"M-1",2024-06-14,20,"mine"
"M-1",2024-06-15,206,"mine"
"M-1",2024-06-16,58,"mine"
"M-1",2024-06-17,118,"mine"
"M-1",2024-06-18,122,"mine"
"M-1",2024-06-19,116,"mine"
"M-1",2024-06-20,51,"mine"
"M-1",2024-06-21,68,"mine"
"M-1",2024-06-22,29,"mine"
"M-1",2024-06-23,28,"mine"
"M-1",2024-06-24,259,"mine"
"M-1",2024-06-25,215,"mine"
"M-1",2024-06-26,157,"mine"
"M-1",2024-06-27,192,"mine"
"M-1",2024-06-28,141,"mine"
"M-10",2024-03-10,4,"mine"
"M-10",2024-03-11,0,"mine"
"M-10",2024-03-12,0,"mine"
"M-10",2024-03-13,1,"mine"
"M-10",2024-03-14,1,"mine"
"M-10",2024-03-15,1,"mine"
"M-10",2024-03-16,9,"mine"
"M-10",2024-03-17,7,"mine"
"M-10",2024-03-18,8,"mine"
"M-10",2024-03-19,0,"mine"
"M-10",2024-03-20,38,"mine"
"M-10",2024-03-21,19,"mine"
"M-10",2024-03-22,3,"mine"
"M-10",2024-03-23,179,"mine"
"M-10",2024-03-24,11,"mine"
"M-10",2024-03-25,60,"mine"
"M-10",2024-03-26,1,"mine"
"M-10",2024-03-27,107,"mine"
"M-10",2024-03-28,52,"mine"
"M-10",2024-03-29,0,"mine"
"M-10",2024-03-30,38,"mine"
"M-10",2024-03-31,70,"mine"
"M-10",2024-04-01,85,"mine"
"M-10",2024-04-02,148,"mine"
"M-10",2024-04-03,134,"mine"
"M-10",2024-04-04,21,"mine"
"M-10",2024-04-05,0,"mine"
"M-10",2024-04-06,0,"mine"
"M-10",2024-04-07,1,"mine"
"M-10",2024-04-08,75,"mine"
"M-10",2024-04-09,0,"mine"
"M-10",2024-04-10,3,"mine"
"M-10",2024-04-11,9,"mine"
"M-10",2024-04-12,97,"mine"
"M-10",2024-04-13,217,"mine"
"M-10",2024-04-14,302,"mine"
"M-10",2024-04-15,293,"mine"
"M-10",2024-04-16,89,"mine"
"M-10",2024-04-17,23,"mine"
"M-10",2024-04-18,315,"mine"
"M-10",2024-04-19,359,"mine"
"M-10",2024-04-20,513,"mine"
"M-10",2024-04-21,354,"mine"
"M-10",2024-04-22,287,"mine"
"M-10",2024-04-23,93,"mine"
"M-10",2024-04-24,110,"mine"
"M-10",2024-04-25,143,"mine"
"M-10",2024-04-26,33,"mine"
"M-10",2024-04-27,190,"mine"
"M-10",2024-04-28,127,"mine"
"M-10",2024-04-29,94,"mine"
"M-10",2024-04-30,9,"mine"
"M-10",2024-05-01,312,"mine"
"M-10",2024-05-02,217,"mine"
"M-10",2024-05-03,97,"mine"
"M-10",2024-05-04,122,"mine"
"M-10",2024-05-05,238,"mine"
"M-10",2024-05-06,110,"mine"
"M-10",2024-05-07,344,"mine"
"M-10",2024-05-08,308,"mine"
"M-10",2024-05-09,397,"mine"
"M-10",2024-05-10,303,"mine"
"M-10",2024-05-11,413,"mine"
"M-10",2024-05-12,500,"mine"
"M-10",2024-05-13,95,"mine"
"M-10",2024-05-14,148,"mine"
"M-10",2024-05-15,151,"mine"
"M-10",2024-05-16,283,"mine"
"M-10",2024-05-17,340,"mine"
"M-10",2024-05-18,471,"mine"
"M-10",2024-05-19,477,"mine"
"M-10",2024-05-20,377,"mine"
"M-10",2024-05-21,75,"mine"
"M-10",2024-05-22,135,"mine"
"M-10",2024-05-23,58,"mine"
"M-10",2024-05-24,91,"mine"
"M-10",2024-05-25,191,"mine"
"M-10",2024-05-26,270,"mine"
"M-10",2024-05-27,322,"mine"
"M-10",2024-05-28,214,"mine"
"M-10",2024-05-29,104,"mine"
"M-10",2024-05-30,159,"mine"
"M-10",2024-05-31,88,"mine"
"M-10",2024-06-01,86,"mine"
"M-10",2024-06-02,45,"mine"
"M-10",2024-06-03,146,"mine"
"M-10",2024-06-04,143,"mine"
"M-10",2024-06-05,184,"mine"
"M-10",2024-06-06,195,"mine"
"M-10",2024-06-07,376,"mine"
"M-10",2024-06-08,251,"mine"
"M-10",2024-06-09,233,"mine"
"M-10",2024-06-10,212,"mine"
"M-10",2024-06-11,97,"mine"
"M-10",2024-06-12,171,"mine"
"M-10",2024-06-13,252,"mine"
"M-10",2024-06-14,227,"mine"
"M-10",2024-06-15,257,"mine"
"M-10",2024-06-16,122,"mine"
"M-10",2024-06-17,254,"mine"
"M-10",2024-06-18,118,"mine"
"M-10",2024-06-19,232,"mine"
"M-10",2024-06-20,128,"mine"
"M-10",2024-06-21,349,"mine"
"M-10",2024-06-22,153,"mine"
"M-10",2024-06-23,278,"mine"
"M-10",2024-06-24,159,"mine"
"M-10",2024-06-25,265,"mine"
"M-10",2024-06-26,291,"mine"
"M-10",2024-06-27,190,"mine"
"M-10",2024-06-28,67,"mine"
"M-12",2024-03-10,0,"mine"
"M-12",2024-03-11,0,"mine"
"M-12",2024-03-12,0,"mine"
"M-12",2024-03-13,0,"mine"
"M-12",2024-03-14,2,"mine"
"M-12",2024-03-15,10,"mine"
"M-12",2024-03-16,2,"mine"
"M-12",2024-03-17,0,"mine"
"M-12",2024-03-18,4,"mine"
"M-12",2024-03-19,0,"mine"
"M-12",2024-03-20,2,"mine"
"M-12",2024-03-21,146,"mine"
"M-12",2024-03-22,33,"mine"
"M-12",2024-03-23,49,"mine"
"M-12",2024-03-24,0,"mine"
"M-12",2024-03-25,61,"mine"
"M-12",2024-03-26,25,"mine"
"M-12",2024-03-27,38,"mine"
"M-12",2024-03-28,0,"mine"
"M-12",2024-03-29,36,"mine"
"M-12",2024-03-30,17,"mine"
"M-12",2024-03-31,43,"mine"
"M-12",2024-04-01,3,"mine"
"M-12",2024-04-02,15,"mine"
"M-12",2024-04-03,2,"mine"
"M-12",2024-04-04,0,"mine"
"M-12",2024-04-05,0,"mine"
"M-12",2024-04-06,0,"mine"
"M-12",2024-04-07,6,"mine"
"M-12",2024-04-08,169,"mine"
"M-12",2024-04-09,111,"mine"
"M-12",2024-04-10,70,"mine"
"M-12",2024-04-11,0,"mine"
"M-12",2024-04-12,14,"mine"
"M-12",2024-04-13,3,"mine"
"M-12",2024-04-14,51,"mine"
"M-12",2024-04-15,192,"mine"
"M-12",2024-04-16,195,"mine"
"M-12",2024-04-17,161,"mine"
"M-12",2024-04-18,20,"mine"
"M-12",2024-04-19,29,"mine"
"M-12",2024-04-20,158,"mine"
"M-12",2024-04-21,54,"mine"
"M-12",2024-04-22,183,"mine"
"M-12",2024-04-23,164,"mine"
"M-12",2024-04-24,146,"mine"
"M-12",2024-04-25,268,"mine"
"M-12",2024-04-26,117,"mine"
"M-12",2024-04-27,198,"mine"
"M-12",2024-04-28,186,"mine"
"M-12",2024-04-29,270,"mine"
"M-12",2024-04-30,111,"mine"
"M-12",2024-05-01,181,"mine"
"M-12",2024-05-02,149,"mine"
"M-12",2024-05-03,262,"mine"
"M-12",2024-05-04,164,"mine"
"M-12",2024-05-05,284,"mine"
"M-12",2024-05-06,199,"mine"
"M-12",2024-05-07,63,"mine"
"M-12",2024-05-08,72,"mine"
"M-12",2024-05-09,65,"mine"
"M-12",2024-05-10,24,"mine"
"M-12",2024-05-11,168,"mine"
"M-12",2024-05-12,388,"mine"
"M-12",2024-05-13,85,"mine"
"M-12",2024-05-14,60,"mine"
"M-12",2024-05-15,34,"mine"
"M-12",2024-05-16,76,"mine"
"M-12",2024-05-17,139,"mine"
"M-12",2024-05-18,52,"mine"
"M-12",2024-05-19,25,"mine"
"M-12",2024-05-20,174,"mine"
"M-12",2024-05-21,120,"mine"
"M-12",2024-05-22,380,"mine"
"M-12",2024-05-23,196,"mine"
"M-12",2024-05-24,160,"mine"
"M-12",2024-05-25,123,"mine"
"M-12",2024-05-26,171,"mine"
"M-12",2024-05-27,102,"mine"
"M-12",2024-05-28,11,"mine"
"M-12",2024-05-29,49,"mine"
"M-12",2024-05-30,222,"mine"
"M-12",2024-05-31,149,"mine"
"M-12",2024-06-01,124,"mine"
"M-12",2024-06-02,67,"mine"
"M-12",2024-06-03,40,"mine"
"M-12",2024-06-04,67,"mine"
"M-12",2024-06-05,110,"mine"
"M-12",2024-06-06,14,"mine"
"M-12",2024-06-07,122,"mine"
"M-12",2024-06-08,75,"mine"
"M-12",2024-06-09,37,"mine"
"M-12",2024-06-10,96,"mine"
"M-12",2024-06-11,75,"mine"
"M-12",2024-06-12,112,"mine"
"M-12",2024-06-13,135,"mine"
"M-12",2024-06-14,184,"mine"
"M-12",2024-06-15,305,"mine"
"M-12",2024-06-16,222,"mine"
"M-12",2024-06-17,196,"mine"
"M-12",2024-06-18,108,"mine"
"M-12",2024-06-19,169,"mine"
"M-12",2024-06-20,41,"mine"
"M-12",2024-06-21,98,"mine"
"M-12",2024-06-22,32,"mine"
"M-12",2024-06-23,45,"mine"
"M-12",2024-06-24,1,"mine"
"M-12",2024-06-25,123,"mine"
"M-12",2024-06-26,101,"mine"
"M-12",2024-06-27,133,"mine"
"M-12",2024-06-28,10,"mine"
"M-2",2024-03-10,0,"mine"
"M-2",2024-03-11,0,"mine"
"M-2",2024-03-12,0,"mine"
"M-2",2024-03-13,0,"mine"
"M-2",2024-03-14,0,"mine"
"M-2",2024-03-15,0,"mine"
"M-2",2024-03-16,6,"mine"
"M-2",2024-03-17,16,"mine"
"M-2",2024-03-18,0,"mine"
"M-2",2024-03-19,0,"mine"
"M-2",2024-03-20,2,"mine"
"M-2",2024-03-21,33,"mine"
"M-2",2024-03-22,140,"mine"
"M-2",2024-03-23,59,"mine"
"M-2",2024-03-24,195,"mine"
"M-2",2024-03-25,77,"mine"
"M-2",2024-03-26,42,"mine"
"M-2",2024-03-27,4,"mine"
"M-2",2024-03-28,47,"mine"
"M-2",2024-03-29,1,"mine"
"M-2",2024-03-30,7,"mine"
"M-2",2024-03-31,22,"mine"
"M-2",2024-04-01,78,"mine"
"M-2",2024-04-02,69,"mine"
"M-2",2024-04-03,165,"mine"
"M-2",2024-04-04,109,"mine"
"M-2",2024-04-05,4,"mine"
"M-2",2024-04-06,148,"mine"
"M-2",2024-04-07,63,"mine"
"M-2",2024-04-08,195,"mine"
"M-2",2024-04-09,207,"mine"
"M-2",2024-04-10,188,"mine"
"M-2",2024-04-11,80,"mine"
"M-2",2024-04-12,110,"mine"
"M-2",2024-04-13,74,"mine"
"M-2",2024-04-14,201,"mine"
"M-2",2024-04-15,10,"mine"
"M-2",2024-04-16,0,"mine"
"M-2",2024-04-17,0,"mine"
"M-2",2024-04-18,0,"mine"
"M-2",2024-04-19,0,"mine"
"M-2",2024-04-20,0,"mine"
"M-2",2024-04-21,0,"mine"
"M-2",2024-04-22,237,"mine"
"M-2",2024-04-23,389,"mine"
"M-2",2024-04-24,376,"mine"
"M-2",2024-04-25,243,"mine"
"M-2",2024-04-26,245,"mine"
"M-2",2024-04-27,177,"mine"
"M-2",2024-04-28,289,"mine"
"M-2",2024-04-29,127,"mine"
"M-2",2024-04-30,281,"mine"
"M-2",2024-05-01,189,"mine"
"M-2",2024-05-02,157,"mine"
"M-2",2024-05-03,380,"mine"
"M-2",2024-05-04,428,"mine"
"M-2",2024-05-05,375,"mine"
"M-2",2024-05-06,410,"mine"
"M-2",2024-05-07,506,"mine"
"M-2",2024-05-08,371,"mine"
"M-2",2024-05-09,285,"mine"
"M-2",2024-05-10,279,"mine"
"M-2",2024-05-11,324,"mine"
"M-2",2024-05-12,187,"mine"
"M-2",2024-05-13,158,"mine"
"M-2",2024-05-14,171,"mine"
"M-2",2024-05-15,69,"mine"
"M-2",2024-05-16,168,"mine"
"M-2",2024-05-17,183,"mine"
"M-2",2024-05-18,120,"mine"
"M-2",2024-05-19,35,"mine"
"M-2",2024-05-20,230,"mine"
"M-2",2024-05-21,107,"mine"
"M-2",2024-05-22,117,"mine"
"M-2",2024-05-23,125,"mine"
"M-2",2024-05-24,189,"mine"
"M-2",2024-05-25,115,"mine"
"M-2",2024-05-26,221,"mine"
"M-2",2024-05-27,375,"mine"
"M-2",2024-05-28,66,"mine"
"M-2",2024-05-29,59,"mine"
"M-2",2024-05-30,225,"mine"
"M-2",2024-05-31,104,"mine"
"M-2",2024-06-01,102,"mine"
"M-2",2024-06-02,108,"mine"
"M-2",2024-06-03,235,"mine"
"M-2",2024-06-04,90,"mine"
"M-2",2024-06-05,149,"mine"
"M-2",2024-06-06,265,"mine"
"M-2",2024-06-07,129,"mine"
"M-2",2024-06-08,141,"mine"
"M-2",2024-06-09,253,"mine"
"M-2",2024-06-10,244,"mine"
"M-2",2024-06-11,256,"mine"
"M-2",2024-06-12,166,"mine"
"M-2",2024-06-13,131,"mine"
"M-2",2024-06-14,164,"mine"
"M-2",2024-06-15,41,"mine"
"M-2",2024-06-16,131,"mine"
"M-2",2024-06-17,67,"mine"
"M-2",2024-06-18,54,"mine"
"M-2",2024-06-19,169,"mine"
"M-2",2024-06-20,151,"mine"
"M-2",2024-06-21,129,"mine"
"M-2",2024-06-22,92,"mine"
"M-2",2024-06-23,83,"mine"
"M-2",2024-06-24,373,"mine"
"M-2",2024-06-25,120,"mine"
"M-2",2024-06-26,333,"mine"
"M-2",2024-06-27,272,"mine"
"M-2",2024-06-28,104,"mine"
"M-5",2024-03-10,2,"mine"
"M-5",2024-03-11,1,"mine"
"M-5",2024-03-12,0,"mine"
"M-5",2024-03-13,0,"mine"
"M-5",2024-03-14,0,"mine"
"M-5",2024-03-15,0,"mine"
"M-5",2024-03-16,9,"mine"
"M-5",2024-03-17,1,"mine"
"M-5",2024-03-18,0,"mine"
"M-5",2024-03-19,0,"mine"
"M-5",2024-03-20,0,"mine"
"M-5",2024-03-21,80,"mine"
"M-5",2024-03-22,97,"mine"
"M-5",2024-03-23,32,"mine"
"M-5",2024-03-24,32,"mine"
"M-5",2024-03-25,43,"mine"
"M-5",2024-03-26,23,"mine"
"M-5",2024-03-27,1,"mine"
"M-5",2024-03-28,1,"mine"
"M-5",2024-03-29,2,"mine"
"M-5",2024-03-30,19,"mine"
"M-5",2024-03-31,17,"mine"
"M-5",2024-04-01,43,"mine"
"M-5",2024-04-02,25,"mine"
"M-5",2024-04-03,28,"mine"
"M-5",2024-04-04,0,"mine"
"M-5",2024-04-05,0,"mine"
"M-5",2024-04-06,0,"mine"
"M-5",2024-04-07,10,"mine"
"M-5",2024-04-08,11,"mine"
"M-5",2024-04-09,8,"mine"
"M-5",2024-04-10,3,"mine"
"M-5",2024-04-11,0,"mine"
"M-5",2024-04-12,0,"mine"
"M-5",2024-04-13,2,"mine"
"M-5",2024-04-14,2,"mine"
"M-5",2024-04-15,84,"mine"
"M-5",2024-04-16,29,"mine"
"M-5",2024-04-17,60,"mine"
"M-5",2024-04-18,57,"mine"
"M-5",2024-04-19,173,"mine"
"M-5",2024-04-20,99,"mine"
"M-5",2024-04-21,4,"mine"
"M-5",2024-04-22,27,"mine"
"M-5",2024-04-23,118,"mine"
"M-5",2024-04-24,171,"mine"
"M-5",2024-04-25,138,"mine"
"M-5",2024-04-26,31,"mine"
"M-5",2024-04-27,63,"mine"
"M-5",2024-04-28,97,"mine"
"M-5",2024-04-29,142,"mine"
"M-5",2024-04-30,147,"mine"
"M-5",2024-05-01,73,"mine"
"M-5",2024-05-02,143,"mine"
"M-5",2024-05-03,186,"mine"
"M-5",2024-05-04,161,"mine"
"M-5",2024-05-05,256,"mine"
"M-5",2024-05-06,150,"mine"
"M-5",2024-05-07,74,"mine"
"M-5",2024-05-08,86,"mine"
"M-5",2024-05-09,114,"mine"
"M-5",2024-05-10,23,"mine"
"M-5",2024-05-11,20,"mine"
"M-5",2024-05-12,387,"mine"
"M-5",2024-05-13,13,"mine"
"M-5",2024-05-14,41,"mine"
"M-5",2024-05-15,107,"mine"
"M-5",2024-05-16,203,"mine"
"M-5",2024-05-17,281,"mine"
"M-5",2024-05-18,104,"mine"
"M-5",2024-05-19,40,"mine"
"M-5",2024-05-20,86,"mine"
"M-5",2024-05-21,132,"mine"
"M-5",2024-05-22,283,"mine"
"M-5",2024-05-23,148,"mine"
"M-5",2024-05-24,151,"mine"
"M-5",2024-05-25,158,"mine"
"M-5",2024-05-26,242,"mine"
"M-5",2024-05-27,244,"mine"
"M-5",2024-05-28,122,"mine"
"M-5",2024-05-29,181,"mine"
"M-5",2024-05-30,101,"mine"
"M-5",2024-05-31,103,"mine"
"M-5",2024-06-01,135,"mine"
"M-5",2024-06-02,366,"mine"
"M-5",2024-06-03,352,"mine"
"M-5",2024-06-04,142,"mine"
"M-5",2024-06-05,129,"mine"
"M-5",2024-06-06,207,"mine"
"M-5",2024-06-07,65,"mine"
"M-5",2024-06-08,148,"mine"
"M-5",2024-06-09,63,"mine"
"M-5",2024-06-10,74,"mine"
"M-5",2024-06-11,173,"mine"
"M-5",2024-06-12,267,"mine"
"M-5",2024-06-13,63,"mine"
"M-5",2024-06-14,236,"mine"
"M-5",2024-06-15,71,"mine"
"M-5",2024-06-16,74,"mine"
"M-5",2024-06-17,45,"mine"
"M-5",2024-06-18,76,"mine"
"M-5",2024-06-19,53,"mine"
"M-5",2024-06-20,3,"mine"
"M-5",2024-06-21,19,"mine"
"M-5",2024-06-22,37,"mine"
"M-5",2024-06-23,68,"mine"
"M-5",2024-06-24,45,"mine"
"M-5",2024-06-25,138,"mine"
"M-5",2024-06-26,372,"mine"
"M-5",2024-06-27,230,"mine"
"M-5",2024-06-28,128,"mine"
"M-7",2024-03-10,0,"mine"
"M-7",2024-03-11,0,"mine"
"M-7",2024-03-12,0,"mine"
"M-7",2024-03-13,0,"mine"
"M-7",2024-03-14,1,"mine"
"M-7",2024-03-15,3,"mine"
"M-7",2024-03-16,0,"mine"
"M-7",2024-03-17,0,"mine"
"M-7",2024-03-18,0,"mine"
"M-7",2024-03-19,1,"mine"
"M-7",2024-03-20,30,"mine"
"M-7",2024-03-21,11,"mine"
"M-7",2024-03-22,9,"mine"
"M-7",2024-03-23,94,"mine"
"M-7",2024-03-24,2,"mine"
"M-7",2024-03-25,115,"mine"
"M-7",2024-03-26,2,"mine"
"M-7",2024-03-27,142,"mine"
"M-7",2024-03-28,5,"mine"
"M-7",2024-03-29,0,"mine"
"M-7",2024-03-30,59,"mine"
"M-7",2024-03-31,62,"mine"
"M-7",2024-04-01,81,"mine"
"M-7",2024-04-02,38,"mine"
"M-7",2024-04-03,2,"mine"
"M-7",2024-04-04,0,"mine"
"M-7",2024-04-05,0,"mine"
"M-7",2024-04-06,0,"mine"
"M-7",2024-04-07,10,"mine"
"M-7",2024-04-08,14,"mine"
"M-7",2024-04-09,29,"mine"
"M-7",2024-04-10,38,"mine"
"M-7",2024-04-11,0,"mine"
"M-7",2024-04-12,1,"mine"
"M-7",2024-04-13,22,"mine"
"M-7",2024-04-14,51,"mine"
"M-7",2024-04-15,155,"mine"
"M-7",2024-04-16,122,"mine"
"M-7",2024-04-17,88,"mine"
"M-7",2024-04-18,171,"mine"
"M-7",2024-04-19,150,"mine"
"M-7",2024-04-20,155,"mine"
"M-7",2024-04-21,58,"mine"
"M-7",2024-04-22,294,"mine"
"M-7",2024-04-23,87,"mine"
"M-7",2024-04-24,179,"mine"
"M-7",2024-04-25,97,"mine"
"M-7",2024-04-26,43,"mine"
"M-7",2024-04-27,124,"mine"
"M-7",2024-04-28,86,"mine"
"M-7",2024-04-29,59,"mine"
"M-7",2024-04-30,11,"mine"
"M-7",2024-05-01,110,"mine"
"M-7",2024-05-02,67,"mine"
"M-7",2024-05-03,120,"mine"
"M-7",2024-05-04,105,"mine"
"M-7",2024-05-05,157,"mine"
"M-7",2024-05-06,267,"mine"
"M-7",2024-05-07,140,"mine"
"M-7",2024-05-08,95,"mine"
"M-7",2024-05-09,28,"mine"
"M-7",2024-05-10,59,"mine"
"M-7",2024-05-11,242,"mine"
"M-7",2024-05-12,138,"mine"
"M-7",2024-05-13,68,"mine"
"M-7",2024-05-14,73,"mine"
"M-7",2024-05-15,59,"mine"
"M-7",2024-05-16,238,"mine"
"M-7",2024-05-17,220,"mine"
"M-7",2024-05-18,85,"mine"
"M-7",2024-05-19,139,"mine"
"M-7",2024-05-20,110,"mine"
"M-7",2024-05-21,177,"mine"
"M-7",2024-05-22,277,"mine"
"M-7",2024-05-23,225,"mine"
"M-7",2024-05-24,163,"mine"
"M-7",2024-05-25,95,"mine"
"M-7",2024-05-26,96,"mine"
"M-7",2024-05-27,158,"mine"
"M-7",2024-05-28,68,"mine"
"M-7",2024-05-29,173,"mine"
"M-7",2024-05-30,256,"mine"
"M-7",2024-05-31,167,"mine"
"M-7",2024-06-01,334,"mine"
"M-7",2024-06-02,164,"mine"
"M-7",2024-06-03,193,"mine"
"M-7",2024-06-04,261,"mine"
"M-7",2024-06-05,142,"mine"
"M-7",2024-06-06,70,"mine"
"M-7",2024-06-07,78,"mine"
"M-7",2024-06-08,230,"mine"
"M-7",2024-06-09,97,"mine"
"M-7",2024-06-10,253,"mine"
"M-7",2024-06-11,217,"mine"
"M-7",2024-06-12,284,"mine"
"M-7",2024-06-13,121,"mine"
"M-7",2024-06-14,298,"mine"
"M-7",2024-06-15,330,"mine"
"M-7",2024-06-16,326,"mine"
"M-7",2024-06-17,323,"mine"
"M-7",2024-06-18,133,"mine"
"M-7",2024-06-19,269,"mine"
"M-7",2024-06-20,197,"mine"
"M-7",2024-06-21,120,"mine"
"M-7",2024-06-22,21,"mine"
"M-7",2024-06-23,42,"mine"
"M-7",2024-06-24,2,"mine"
"M-7",2024-06-25,83,"mine"
"M-7",2024-06-26,157,"mine"
"M-7",2024-06-27,168,"mine"
"M-7",2024-06-28,49,"mine"
"O-1",2024-03-10,0,"rx_fire_sec_growth"
"O-1",2024-03-11,3,"rx_fire_sec_growth"
"O-1",2024-03-12,0,"rx_fire_sec_growth"
"O-1",2024-03-13,0,"rx_fire_sec_growth"
"O-1",2024-03-14,1,"rx_fire_sec_growth"
"O-1",2024-03-15,0,"rx_fire_sec_growth"
"O-1",2024-03-16,3,"rx_fire_sec_growth"
"O-1",2024-03-17,0,"rx_fire_sec_growth"
"O-1",2024-03-18,1,"rx_fire_sec_growth"
"O-1",2024-03-19,3,"rx_fire_sec_growth"
"O-1",2024-03-20,0,"rx_fire_sec_growth"
"O-1",2024-03-21,0,"rx_fire_sec_growth"
"O-1",2024-03-22,0,"rx_fire_sec_growth"
"O-1",2024-03-23,0,"rx_fire_sec_growth"
"O-1",2024-03-24,3,"rx_fire_sec_growth"
"O-1",2024-03-25,0,"rx_fire_sec_growth"
"O-1",2024-03-26,1,"rx_fire_sec_growth"
"O-1",2024-03-27,0,"rx_fire_sec_growth"
"O-1",2024-03-28,0,"rx_fire_sec_growth"
"O-1",2024-03-29,0,"rx_fire_sec_growth"
"O-1",2024-03-30,0,"rx_fire_sec_growth"
"O-1",2024-03-31,0,"rx_fire_sec_growth"
"O-1",2024-04-01,0,"rx_fire_sec_growth"
"O-1",2024-04-02,0,"rx_fire_sec_growth"
"O-1",2024-04-03,0,"rx_fire_sec_growth"
"O-1",2024-04-04,0,"rx_fire_sec_growth"
"O-1",2024-04-05,0,"rx_fire_sec_growth"
"O-1",2024-04-06,1,"rx_fire_sec_growth"
"O-1",2024-04-07,0,"rx_fire_sec_growth"
"O-1",2024-04-08,0,"rx_fire_sec_growth"
"O-1",2024-04-09,2,"rx_fire_sec_growth"
"O-1",2024-04-10,0,"rx_fire_sec_growth"
"O-1",2024-04-11,0,"rx_fire_sec_growth"
"O-1",2024-04-12,0,"rx_fire_sec_growth"
"O-1",2024-04-13,1,"rx_fire_sec_growth"
"O-1",2024-04-14,1,"rx_fire_sec_growth"
"O-1",2024-04-15,21,"rx_fire_sec_growth"
"O-1",2024-04-16,3,"rx_fire_sec_growth"
"O-1",2024-04-17,1,"rx_fire_sec_growth"
"O-1",2024-04-18,5,"rx_fire_sec_growth"
"O-1",2024-04-19,2,"rx_fire_sec_growth"
"O-1",2024-04-20,7,"rx_fire_sec_growth"
"O-1",2024-04-21,5,"rx_fire_sec_growth"
"O-1",2024-04-22,7,"rx_fire_sec_growth"
"O-1",2024-04-23,2,"rx_fire_sec_growth"
"O-1",2024-04-24,0,"rx_fire_sec_growth"
"O-1",2024-04-25,5,"rx_fire_sec_growth"
"O-1",2024-04-26,4,"rx_fire_sec_growth"
"O-1",2024-04-27,4,"rx_fire_sec_growth"
"O-1",2024-04-28,3,"rx_fire_sec_growth"
"O-1",2024-04-29,5,"rx_fire_sec_growth"
"O-1",2024-04-30,1,"rx_fire_sec_growth"
"O-1",2024-05-01,5,"rx_fire_sec_growth"
"O-1",2024-05-02,6,"rx_fire_sec_growth"
"O-1",2024-05-03,2,"rx_fire_sec_growth"
"O-1",2024-05-04,1,"rx_fire_sec_growth"
"O-1",2024-05-05,0,"rx_fire_sec_growth"
"O-1",2024-05-06,6,"rx_fire_sec_growth"
"O-1",2024-05-07,2,"rx_fire_sec_growth"
"O-1",2024-05-08,1,"rx_fire_sec_growth"
"O-1",2024-05-09,1,"rx_fire_sec_growth"
"O-1",2024-05-10,0,"rx_fire_sec_growth"
"O-1",2024-05-11,9,"rx_fire_sec_growth"
"O-1",2024-05-12,1,"rx_fire_sec_growth"
"O-1",2024-05-13,7,"rx_fire_sec_growth"
"O-1",2024-05-14,1,"rx_fire_sec_growth"
"O-1",2024-05-15,0,"rx_fire_sec_growth"
"O-1",2024-05-16,0,"rx_fire_sec_growth"
"O-1",2024-05-17,3,"rx_fire_sec_growth"
"O-1",2024-05-18,0,"rx_fire_sec_growth"
"O-1",2024-05-19,0,"rx_fire_sec_growth"
"O-1",2024-05-20,1,"rx_fire_sec_growth"
"O-1",2024-05-21,3,"rx_fire_sec_growth"
"O-1",2024-05-22,1,"rx_fire_sec_growth"
"O-1",2024-05-23,5,"rx_fire_sec_growth"
"O-1",2024-05-24,1,"rx_fire_sec_growth"
"O-1",2024-05-25,21,"rx_fire_sec_growth"
"O-1",2024-05-26,8,"rx_fire_sec_growth"
"O-1",2024-05-27,0,"rx_fire_sec_growth"
"O-1",2024-05-28,0,"rx_fire_sec_growth"
"O-1",2024-05-29,2,"rx_fire_sec_growth"
"O-1",2024-05-30,1,"rx_fire_sec_growth"
"O-1",2024-05-31,5,"rx_fire_sec_growth"
"O-1",2024-06-01,0,"rx_fire_sec_growth"
"O-1",2024-06-02,2,"rx_fire_sec_growth"
"O-1",2024-06-03,0,"rx_fire_sec_growth"
"O-1",2024-06-04,0,"rx_fire_sec_growth"
"O-1",2024-06-05,0,"rx_fire_sec_growth"
"O-1",2024-06-06,0,"rx_fire_sec_growth"
"O-1",2024-06-07,0,"rx_fire_sec_growth"
"O-1",2024-06-08,0,"rx_fire_sec_growth"
"O-1",2024-06-09,1,"rx_fire_sec_growth"
"O-1",2024-06-10,0,"rx_fire_sec_growth"
"O-1",2024-06-11,0,"rx_fire_sec_growth"
"O-1",2024-06-12,21,"rx_fire_sec_growth"
"O-1",2024-06-13,1,"rx_fire_sec_growth"
"O-1",2024-06-14,0,"rx_fire_sec_growth"
"O-1",2024-06-15,0,"rx_fire_sec_growth"
"O-1",2024-06-16,3,"rx_fire_sec_growth"
"O-1",2024-06-17,0,"rx_fire_sec_growth"
"O-1",2024-06-18,19,"rx_fire_sec_growth"
"O-1",2024-06-19,0,"rx_fire_sec_growth"
"O-1",2024-06-20,1,"rx_fire_sec_growth"
"O-1",2024-06-21,3,"rx_fire_sec_growth"
"O-1",2024-06-22,0,"rx_fire_sec_growth"
"O-1",2024-06-23,3,"rx_fire_sec_growth"
"O-1",2024-06-24,0,"rx_fire_sec_growth"
"O-1",2024-06-25,1,"rx_fire_sec_growth"
"O-1",2024-06-26,3,"rx_fire_sec_growth"
"O-1",2024-06-27,1,"rx_fire_sec_growth"
"O-1",2024-06-28,0,"rx_fire_sec_growth"
"O-2",2024-03-10,4,"rx_fire_sec_growth"
"O-2",2024-03-11,2,"rx_fire_sec_growth"
"O-2",2024-03-12,0,"rx_fire_sec_growth"
"O-2",2024-03-13,0,"rx_fire_sec_growth"
"O-2",2024-03-14,3,"rx_fire_sec_growth"
"O-2",2024-03-15,0,"rx_fire_sec_growth"
"O-2",2024-03-16,1,"rx_fire_sec_growth"
"O-2",2024-03-17,0,"rx_fire_sec_growth"
"O-2",2024-03-18,0,"rx_fire_sec_growth"
"O-2",2024-03-19,0,"rx_fire_sec_growth"
"O-2",2024-03-20,0,"rx_fire_sec_growth"
"O-2",2024-03-21,1,"rx_fire_sec_growth"
"O-2",2024-03-22,0,"rx_fire_sec_growth"
"O-2",2024-03-23,1,"rx_fire_sec_growth"
"O-2",2024-03-24,28,"rx_fire_sec_growth"
"O-2",2024-03-25,0,"rx_fire_sec_growth"
"O-2",2024-03-26,0,"rx_fire_sec_growth"
"O-2",2024-03-27,0,"rx_fire_sec_growth"
"O-2",2024-03-28,0,"rx_fire_sec_growth"
"O-2",2024-03-29,0,"rx_fire_sec_growth"
"O-2",2024-03-30,0,"rx_fire_sec_growth"
"O-2",2024-03-31,0,"rx_fire_sec_growth"
"O-2",2024-04-01,0,"rx_fire_sec_growth"
"O-2",2024-04-02,0,"rx_fire_sec_growth"
"O-2",2024-04-03,0,"rx_fire_sec_growth"
"O-2",2024-04-04,0,"rx_fire_sec_growth"
"O-2",2024-04-05,0,"rx_fire_sec_growth"
"O-2",2024-04-06,0,"rx_fire_sec_growth"
"O-2",2024-04-07,0,"rx_fire_sec_growth"
"O-2",2024-04-08,1,"rx_fire_sec_growth"
"O-2",2024-04-09,0,"rx_fire_sec_growth"
"O-2",2024-04-10,0,"rx_fire_sec_growth"
"O-2",2024-04-11,0,"rx_fire_sec_growth"
"O-2",2024-04-12,0,"rx_fire_sec_growth"
"O-2",2024-04-13,0,"rx_fire_sec_growth"
"O-2",2024-04-14,1,"rx_fire_sec_growth"
"O-2",2024-04-15,1,"rx_fire_sec_growth"
"O-2",2024-04-16,13,"rx_fire_sec_growth"
"O-2",2024-04-17,9,"rx_fire_sec_growth"
"O-2",2024-04-18,7,"rx_fire_sec_growth"
"O-2",2024-04-19,12,"rx_fire_sec_growth"
"O-2",2024-04-20,6,"rx_fire_sec_growth"
"O-2",2024-04-21,1,"rx_fire_sec_growth"
"O-2",2024-04-22,8,"rx_fire_sec_growth"
"O-2",2024-04-23,5,"rx_fire_sec_growth"
"O-2",2024-04-24,0,"rx_fire_sec_growth"
"O-2",2024-04-25,0,"rx_fire_sec_growth"
"O-2",2024-04-26,1,"rx_fire_sec_growth"
"O-2",2024-04-27,9,"rx_fire_sec_growth"
"O-2",2024-04-28,32,"rx_fire_sec_growth"
"O-2",2024-04-29,7,"rx_fire_sec_growth"
"O-2",2024-04-30,8,"rx_fire_sec_growth"
"O-2",2024-05-01,2,"rx_fire_sec_growth"
"O-2",2024-05-02,27,"rx_fire_sec_growth"
"O-2",2024-05-03,3,"rx_fire_sec_growth"
"O-2",2024-05-04,1,"rx_fire_sec_growth"
"O-2",2024-05-05,1,"rx_fire_sec_growth"
"O-2",2024-05-06,33,"rx_fire_sec_growth"
"O-2",2024-05-07,4,"rx_fire_sec_growth"
"O-2",2024-05-08,2,"rx_fire_sec_growth"
"O-2",2024-05-09,0,"rx_fire_sec_growth"
"O-2",2024-05-10,2,"rx_fire_sec_growth"
"O-2",2024-05-11,10,"rx_fire_sec_growth"
"O-2",2024-05-12,16,"rx_fire_sec_growth"
"O-2",2024-05-13,6,"rx_fire_sec_growth"
"O-2",2024-05-14,0,"rx_fire_sec_growth"
"O-2",2024-05-15,1,"rx_fire_sec_growth"
"O-2",2024-05-16,5,"rx_fire_sec_growth"
"O-2",2024-05-17,2,"rx_fire_sec_growth"
"O-2",2024-05-18,6,"rx_fire_sec_growth"
"O-2",2024-05-19,3,"rx_fire_sec_growth"
"O-2",2024-05-20,3,"rx_fire_sec_growth"
"O-2",2024-05-21,4,"rx_fire_sec_growth"
"O-2",2024-05-22,7,"rx_fire_sec_growth"
"O-2",2024-05-23,3,"rx_fire_sec_growth"
"O-2",2024-05-24,0,"rx_fire_sec_growth"
"O-2",2024-05-25,2,"rx_fire_sec_growth"
"O-2",2024-05-26,1,"rx_fire_sec_growth"
"O-2",2024-05-27,0,"rx_fire_sec_growth"
"O-2",2024-05-28,3,"rx_fire_sec_growth"
"O-2",2024-05-29,10,"rx_fire_sec_growth"
"O-2",2024-05-30,44,"rx_fire_sec_growth"
"O-2",2024-05-31,17,"rx_fire_sec_growth"
"O-2",2024-06-01,4,"rx_fire_sec_growth"
"O-2",2024-06-02,3,"rx_fire_sec_growth"
"O-2",2024-06-03,0,"rx_fire_sec_growth"
"O-2",2024-06-04,0,"rx_fire_sec_growth"
"O-2",2024-06-05,0,"rx_fire_sec_growth"
"O-2",2024-06-06,1,"rx_fire_sec_growth"
"O-2",2024-06-07,0,"rx_fire_sec_growth"
"O-2",2024-06-08,22,"rx_fire_sec_growth"
"O-2",2024-06-09,1,"rx_fire_sec_growth"
"O-2",2024-06-10,0,"rx_fire_sec_growth"
"O-2",2024-06-11,3,"rx_fire_sec_growth"
"O-2",2024-06-12,11,"rx_fire_sec_growth"
"O-2",2024-06-13,13,"rx_fire_sec_growth"
"O-2",2024-06-14,36,"rx_fire_sec_growth"
"O-2",2024-06-15,3,"rx_fire_sec_growth"
"O-2",2024-06-16,1,"rx_fire_sec_growth"
"O-2",2024-06-17,36,"rx_fire_sec_growth"
"O-2",2024-06-18,63,"rx_fire_sec_growth"
"O-2",2024-06-19,12,"rx_fire_sec_growth"
"O-2",2024-06-20,5,"rx_fire_sec_growth"
"O-2",2024-06-21,17,"rx_fire_sec_growth"
"O-2",2024-06-22,0,"rx_fire_sec_growth"
"O-2",2024-06-23,0,"rx_fire_sec_growth"
"O-2",2024-06-24,2,"rx_fire_sec_growth"
"O-2",2024-06-25,2,"rx_fire_sec_growth"
"O-2",2024-06-26,0,"rx_fire_sec_growth"
"O-2",2024-06-27,1,"rx_fire_sec_growth"
"O-2",2024-06-28,0,"rx_fire_sec_growth"
"O-3",2024-03-10,0,"rx_fire_sec_growth"
"O-3",2024-03-11,0,"rx_fire_sec_growth"
"O-3",2024-03-12,1,"rx_fire_sec_growth"
"O-3",2024-03-13,0,"rx_fire_sec_growth"
"O-3",2024-03-14,0,"rx_fire_sec_growth"
"O-3",2024-03-15,0,"rx_fire_sec_growth"
"O-3",2024-03-16,0,"rx_fire_sec_growth"
"O-3",2024-03-17,0,"rx_fire_sec_growth"
"O-3",2024-03-18,0,"rx_fire_sec_growth"
"O-3",2024-03-19,0,"rx_fire_sec_growth"
"O-3",2024-03-20,0,"rx_fire_sec_growth"
"O-3",2024-03-21,6,"rx_fire_sec_growth"
"O-3",2024-03-22,0,"rx_fire_sec_growth"
"O-3",2024-03-23,2,"rx_fire_sec_growth"
"O-3",2024-03-24,52,"rx_fire_sec_growth"
"O-3",2024-03-25,3,"rx_fire_sec_growth"
"O-3",2024-03-26,2,"rx_fire_sec_growth"
"O-3",2024-03-27,0,"rx_fire_sec_growth"
"O-3",2024-03-28,1,"rx_fire_sec_growth"
"O-3",2024-03-29,0,"rx_fire_sec_growth"
"O-3",2024-03-30,1,"rx_fire_sec_growth"
"O-3",2024-03-31,0,"rx_fire_sec_growth"
"O-3",2024-04-01,0,"rx_fire_sec_growth"
"O-3",2024-04-02,6,"rx_fire_sec_growth"
"O-3",2024-04-03,0,"rx_fire_sec_growth"
"O-3",2024-04-04,0,"rx_fire_sec_growth"
"O-3",2024-04-05,0,"rx_fire_sec_growth"
"O-3",2024-04-06,1,"rx_fire_sec_growth"
"O-3",2024-04-07,0,"rx_fire_sec_growth"
"O-3",2024-04-08,3,"rx_fire_sec_growth"
"O-3",2024-04-09,0,"rx_fire_sec_growth"
"O-3",2024-04-10,0,"rx_fire_sec_growth"
"O-3",2024-04-11,0,"rx_fire_sec_growth"
"O-3",2024-04-12,0,"rx_fire_sec_growth"
"O-3",2024-04-13,0,"rx_fire_sec_growth"
"O-3",2024-04-14,0,"rx_fire_sec_growth"
"O-3",2024-04-15,2,"rx_fire_sec_growth"
"O-3",2024-04-16,3,"rx_fire_sec_growth"
"O-3",2024-04-17,1,"rx_fire_sec_growth"
"O-3",2024-04-18,5,"rx_fire_sec_growth"
"O-3",2024-04-19,2,"rx_fire_sec_growth"
"O-3",2024-04-20,10,"rx_fire_sec_growth"
"O-3",2024-04-21,0,"rx_fire_sec_growth"
"O-3",2024-04-22,139,"rx_fire_sec_growth"
"O-3",2024-04-23,67,"rx_fire_sec_growth"
"O-3",2024-04-24,8,"rx_fire_sec_growth"
"O-3",2024-04-25,39,"rx_fire_sec_growth"
"O-3",2024-04-26,62,"rx_fire_sec_growth"
"O-3",2024-04-27,68,"rx_fire_sec_growth"
"O-3",2024-04-28,51,"rx_fire_sec_growth"
"O-3",2024-04-29,41,"rx_fire_sec_growth"
"O-3",2024-04-30,6,"rx_fire_sec_growth"
"O-3",2024-05-01,8,"rx_fire_sec_growth"
"O-3",2024-05-02,12,"rx_fire_sec_growth"
"O-3",2024-05-03,8,"rx_fire_sec_growth"
"O-3",2024-05-04,4,"rx_fire_sec_growth"
"O-3",2024-05-05,0,"rx_fire_sec_growth"
"O-3",2024-05-06,12,"rx_fire_sec_growth"
"O-3",2024-05-07,9,"rx_fire_sec_growth"
"O-3",2024-05-08,7,"rx_fire_sec_growth"
"O-3",2024-05-09,0,"rx_fire_sec_growth"
"O-3",2024-05-10,0,"rx_fire_sec_growth"
"O-3",2024-05-11,53,"rx_fire_sec_growth"
"O-3",2024-05-12,14,"rx_fire_sec_growth"
"O-3",2024-05-13,26,"rx_fire_sec_growth"
"O-3",2024-05-14,0,"rx_fire_sec_growth"
"O-3",2024-05-15,0,"rx_fire_sec_growth"
"O-3",2024-05-16,16,"rx_fire_sec_growth"
"O-3",2024-05-17,16,"rx_fire_sec_growth"
"O-3",2024-05-18,1,"rx_fire_sec_growth"
"O-3",2024-05-19,1,"rx_fire_sec_growth"
"O-3",2024-05-20,4,"rx_fire_sec_growth"
"O-3",2024-05-21,17,"rx_fire_sec_growth"
"O-3",2024-05-22,3,"rx_fire_sec_growth"
"O-3",2024-05-23,40,"rx_fire_sec_growth"
"O-3",2024-05-24,3,"rx_fire_sec_growth"
"O-3",2024-05-25,1,"rx_fire_sec_growth"
"O-3",2024-05-26,22,"rx_fire_sec_growth"
"O-3",2024-05-27,34,"rx_fire_sec_growth"
"O-3",2024-05-28,0,"rx_fire_sec_growth"
"O-3",2024-05-29,50,"rx_fire_sec_growth"
"O-3",2024-05-30,80,"rx_fire_sec_growth"
"O-3",2024-05-31,11,"rx_fire_sec_growth"
"O-3",2024-06-01,101,"rx_fire_sec_growth"
"O-3",2024-06-02,34,"rx_fire_sec_growth"
"O-3",2024-06-03,10,"rx_fire_sec_growth"
"O-3",2024-06-04,9,"rx_fire_sec_growth"
"O-3",2024-06-05,1,"rx_fire_sec_growth"
"O-3",2024-06-06,10,"rx_fire_sec_growth"
"O-3",2024-06-07,1,"rx_fire_sec_growth"
"O-3",2024-06-08,107,"rx_fire_sec_growth"
"O-3",2024-06-09,2,"rx_fire_sec_growth"
"O-3",2024-06-10,10,"rx_fire_sec_growth"
"O-3",2024-06-11,89,"rx_fire_sec_growth"
"O-3",2024-06-12,121,"rx_fire_sec_growth"
"O-3",2024-06-13,103,"rx_fire_sec_growth"
"O-3",2024-06-14,92,"rx_fire_sec_growth"
"O-3",2024-06-15,83,"rx_fire_sec_growth"
"O-3",2024-06-16,54,"rx_fire_sec_growth"
"O-3",2024-06-17,132,"rx_fire_sec_growth"
"O-3",2024-06-18,113,"rx_fire_sec_growth"
"O-3",2024-06-19,107,"rx_fire_sec_growth"
"O-3",2024-06-20,123,"rx_fire_sec_growth"
"O-3",2024-06-21,56,"rx_fire_sec_growth"
"O-3",2024-06-22,2,"rx_fire_sec_growth"
"O-3",2024-06-23,2,"rx_fire_sec_growth"
"O-3",2024-06-24,5,"rx_fire_sec_growth"
"O-3",2024-06-25,8,"rx_fire_sec_growth"
"O-3",2024-06-26,4,"rx_fire_sec_growth"
"O-3",2024-06-27,0,"rx_fire_sec_growth"
"O-3",2024-06-28,0,"rx_fire_sec_growth"
"O-4",2024-03-10,0,"rx_fire_sec_growth"
"O-4",2024-03-11,0,"rx_fire_sec_growth"
"O-4",2024-03-12,11,"rx_fire_sec_growth"
"O-4",2024-03-13,0,"rx_fire_sec_growth"
"O-4",2024-03-14,0,"rx_fire_sec_growth"
"O-4",2024-03-15,2,"rx_fire_sec_growth"
"O-4",2024-03-16,0,"rx_fire_sec_growth"
"O-4",2024-03-17,0,"rx_fire_sec_growth"
"O-4",2024-03-18,0,"rx_fire_sec_growth"
"O-4",2024-03-19,98,"rx_fire_sec_growth"
"O-4",2024-03-20,72,"rx_fire_sec_growth"
"O-4",2024-03-21,78,"rx_fire_sec_growth"
"O-4",2024-03-22,32,"rx_fire_sec_growth"
"O-4",2024-03-23,33,"rx_fire_sec_growth"
"O-4",2024-03-24,140,"rx_fire_sec_growth"
"O-4",2024-03-25,102,"rx_fire_sec_growth"
"O-4",2024-03-26,59,"rx_fire_sec_growth"
"O-4",2024-03-27,95,"rx_fire_sec_growth"
"O-4",2024-03-28,7,"rx_fire_sec_growth"
"O-4",2024-03-29,21,"rx_fire_sec_growth"
"O-4",2024-03-30,39,"rx_fire_sec_growth"
"O-4",2024-03-31,28,"rx_fire_sec_growth"
"O-4",2024-04-01,16,"rx_fire_sec_growth"
"O-4",2024-04-02,40,"rx_fire_sec_growth"
"O-4",2024-04-03,1,"rx_fire_sec_growth"
"O-4",2024-04-04,0,"rx_fire_sec_growth"
"O-4",2024-04-05,0,"rx_fire_sec_growth"
"O-4",2024-04-06,7,"rx_fire_sec_growth"
"O-4",2024-04-07,3,"rx_fire_sec_growth"
"O-4",2024-04-08,28,"rx_fire_sec_growth"
"O-4",2024-04-09,43,"rx_fire_sec_growth"
"O-4",2024-04-10,63,"rx_fire_sec_growth"
"O-4",2024-04-11,0,"rx_fire_sec_growth"
"O-4",2024-04-12,0,"rx_fire_sec_growth"
"O-4",2024-04-13,2,"rx_fire_sec_growth"
"O-4",2024-04-14,8,"rx_fire_sec_growth"
"O-4",2024-04-15,11,"rx_fire_sec_growth"
"O-4",2024-04-16,127,"rx_fire_sec_growth"
"O-4",2024-04-17,63,"rx_fire_sec_growth"
"O-4",2024-04-18,73,"rx_fire_sec_growth"
"O-4",2024-04-19,49,"rx_fire_sec_growth"
"O-4",2024-04-20,141,"rx_fire_sec_growth"
"O-4",2024-04-21,59,"rx_fire_sec_growth"
"O-4",2024-04-22,128,"rx_fire_sec_growth"
"O-4",2024-04-23,113,"rx_fire_sec_growth"
"O-4",2024-04-24,45,"rx_fire_sec_growth"
"O-4",2024-04-25,20,"rx_fire_sec_growth"
"O-4",2024-04-26,74,"rx_fire_sec_growth"
"O-4",2024-04-27,111,"rx_fire_sec_growth"
"O-4",2024-04-28,60,"rx_fire_sec_growth"
"O-4",2024-04-29,85,"rx_fire_sec_growth"
"O-4",2024-04-30,98,"rx_fire_sec_growth"
"O-4",2024-05-01,3,"rx_fire_sec_growth"
"O-4",2024-05-02,109,"rx_fire_sec_growth"
"O-4",2024-05-03,75,"rx_fire_sec_growth"
"O-4",2024-05-04,65,"rx_fire_sec_growth"
"O-4",2024-05-05,42,"rx_fire_sec_growth"
"O-4",2024-05-06,45,"rx_fire_sec_growth"
"O-4",2024-05-07,5,"rx_fire_sec_growth"
"O-4",2024-05-08,2,"rx_fire_sec_growth"
"O-4",2024-05-09,1,"rx_fire_sec_growth"
"O-4",2024-05-10,9,"rx_fire_sec_growth"
"O-4",2024-05-11,59,"rx_fire_sec_growth"
"O-4",2024-05-12,114,"rx_fire_sec_growth"
"O-4",2024-05-13,33,"rx_fire_sec_growth"
"O-4",2024-05-14,58,"rx_fire_sec_growth"
"O-4",2024-05-15,0,"rx_fire_sec_growth"
"O-4",2024-05-16,3,"rx_fire_sec_growth"
"O-4",2024-05-17,86,"rx_fire_sec_growth"
"O-4",2024-05-18,21,"rx_fire_sec_growth"
"O-4",2024-05-19,1,"rx_fire_sec_growth"
"O-4",2024-05-20,3,"rx_fire_sec_growth"
"O-4",2024-05-21,58,"rx_fire_sec_growth"
"O-4",2024-05-22,65,"rx_fire_sec_growth"
"O-4",2024-05-23,37,"rx_fire_sec_growth"
"O-4",2024-05-24,6,"rx_fire_sec_growth"
"O-4",2024-05-25,20,"rx_fire_sec_growth"
"O-4",2024-05-26,2,"rx_fire_sec_growth"
"O-4",2024-05-27,15,"rx_fire_sec_growth"
"O-4",2024-05-28,28,"rx_fire_sec_growth"
"O-4",2024-05-29,56,"rx_fire_sec_growth"
"O-4",2024-05-30,116,"rx_fire_sec_growth"
"O-4",2024-05-31,159,"rx_fire_sec_growth"
"O-4",2024-06-01,104,"rx_fire_sec_growth"
"O-4",2024-06-02,125,"rx_fire_sec_growth"
"O-4",2024-06-03,142,"rx_fire_sec_growth"
"O-4",2024-06-04,152,"rx_fire_sec_growth"
"O-4",2024-06-05,42,"rx_fire_sec_growth"
"O-4",2024-06-06,11,"rx_fire_sec_growth"
"O-4",2024-06-07,132,"rx_fire_sec_growth"
"O-4",2024-06-08,115,"rx_fire_sec_growth"
"O-4",2024-06-09,115,"rx_fire_sec_growth"
"O-4",2024-06-10,39,"rx_fire_sec_growth"
"O-4",2024-06-11,127,"rx_fire_sec_growth"
"O-4",2024-06-12,174,"rx_fire_sec_growth"
"O-4",2024-06-13,155,"rx_fire_sec_growth"
"O-4",2024-06-14,176,"rx_fire_sec_growth"
"O-4",2024-06-15,188,"rx_fire_sec_growth"
"O-4",2024-06-16,159,"rx_fire_sec_growth"
"O-4",2024-06-17,194,"rx_fire_sec_growth"
"O-4",2024-06-18,207,"rx_fire_sec_growth"
"O-4",2024-06-19,141,"rx_fire_sec_growth"
"O-4",2024-06-20,164,"rx_fire_sec_growth"
"O-4",2024-06-21,154,"rx_fire_sec_growth"
"O-4",2024-06-22,105,"rx_fire_sec_growth"
"O-4",2024-06-23,22,"rx_fire_sec_growth"
"O-4",2024-06-24,39,"rx_fire_sec_growth"
"O-4",2024-06-25,105,"rx_fire_sec_growth"
"O-4",2024-06-26,7,"rx_fire_sec_growth"
"O-4",2024-06-27,25,"rx_fire_sec_growth"
"O-4",2024-06-28,0,"rx_fire_sec_growth"
"O-5",2024-03-10,0,"rx_fire_sec_growth"
"O-5",2024-03-11,0,"rx_fire_sec_growth"
"O-5",2024-03-12,0,"rx_fire_sec_growth"
"O-5",2024-03-13,0,"rx_fire_sec_growth"
"O-5",2024-03-14,0,"rx_fire_sec_growth"
"O-5",2024-03-15,28,"rx_fire_sec_growth"
"O-5",2024-03-16,0,"rx_fire_sec_growth"
"O-5",2024-03-17,43,"rx_fire_sec_growth"
"O-5",2024-03-18,0,"rx_fire_sec_growth"
"O-5",2024-03-19,4,"rx_fire_sec_growth"
"O-5",2024-03-20,26,"rx_fire_sec_growth"
"O-5",2024-03-21,112,"rx_fire_sec_growth"
"O-5",2024-03-22,61,"rx_fire_sec_growth"
"O-5",2024-03-23,139,"rx_fire_sec_growth"
"O-5",2024-03-24,62,"rx_fire_sec_growth"
"O-5",2024-03-25,3,"rx_fire_sec_growth"
"O-5",2024-03-26,33,"rx_fire_sec_growth"
"O-5",2024-03-27,113,"rx_fire_sec_growth"
"O-5",2024-03-28,22,"rx_fire_sec_growth"
"O-5",2024-03-29,4,"rx_fire_sec_growth"
"O-5",2024-03-30,39,"rx_fire_sec_growth"
"O-5",2024-03-31,88,"rx_fire_sec_growth"
"O-5",2024-04-01,85,"rx_fire_sec_growth"
"O-5",2024-04-02,65,"rx_fire_sec_growth"
"O-5",2024-04-03,0,"rx_fire_sec_growth"
"O-5",2024-04-04,1,"rx_fire_sec_growth"
"O-5",2024-04-05,0,"rx_fire_sec_growth"
"O-5",2024-04-06,15,"rx_fire_sec_growth"
"O-5",2024-04-07,23,"rx_fire_sec_growth"
"O-5",2024-04-08,73,"rx_fire_sec_growth"
"O-5",2024-04-09,69,"rx_fire_sec_growth"
"O-5",2024-04-10,24,"rx_fire_sec_growth"
"O-5",2024-04-11,0,"rx_fire_sec_growth"
"O-5",2024-04-12,19,"rx_fire_sec_growth"
"O-5",2024-04-13,12,"rx_fire_sec_growth"
"O-5",2024-04-14,64,"rx_fire_sec_growth"
"O-5",2024-04-15,85,"rx_fire_sec_growth"
"O-5",2024-04-16,163,"rx_fire_sec_growth"
"O-5",2024-04-17,191,"rx_fire_sec_growth"
"O-5",2024-04-18,108,"rx_fire_sec_growth"
"O-5",2024-04-19,100,"rx_fire_sec_growth"
"O-5",2024-04-20,214,"rx_fire_sec_growth"
"O-5",2024-04-21,45,"rx_fire_sec_growth"
"O-5",2024-04-22,134,"rx_fire_sec_growth"
"O-5",2024-04-23,131,"rx_fire_sec_growth"
"O-5",2024-04-24,156,"rx_fire_sec_growth"
"O-5",2024-04-25,68,"rx_fire_sec_growth"
"O-5",2024-04-26,4,"rx_fire_sec_growth"
"O-5",2024-04-27,7,"rx_fire_sec_growth"
"O-5",2024-04-28,57,"rx_fire_sec_growth"
"O-5",2024-04-29,26,"rx_fire_sec_growth"
"O-5",2024-04-30,79,"rx_fire_sec_growth"
"O-5",2024-05-01,48,"rx_fire_sec_growth"
"O-5",2024-05-02,48,"rx_fire_sec_growth"
"O-5",2024-05-03,99,"rx_fire_sec_growth"
"O-5",2024-05-04,57,"rx_fire_sec_growth"
"O-5",2024-05-05,82,"rx_fire_sec_growth"
"O-5",2024-05-06,39,"rx_fire_sec_growth"
"O-5",2024-05-07,69,"rx_fire_sec_growth"
"O-5",2024-05-08,46,"rx_fire_sec_growth"
"O-5",2024-05-09,21,"rx_fire_sec_growth"
"O-5",2024-05-10,35,"rx_fire_sec_growth"
"O-5",2024-05-11,176,"rx_fire_sec_growth"
"O-5",2024-05-12,123,"rx_fire_sec_growth"
"O-5",2024-05-13,54,"rx_fire_sec_growth"
"O-5",2024-05-14,44,"rx_fire_sec_growth"
"O-5",2024-05-15,16,"rx_fire_sec_growth"
"O-5",2024-05-16,158,"rx_fire_sec_growth"
"O-5",2024-05-17,53,"rx_fire_sec_growth"
"O-5",2024-05-18,11,"rx_fire_sec_growth"
"O-5",2024-05-19,77,"rx_fire_sec_growth"
"O-5",2024-05-20,65,"rx_fire_sec_growth"
"O-5",2024-05-21,133,"rx_fire_sec_growth"
"O-5",2024-05-22,89,"rx_fire_sec_growth"
"O-5",2024-05-23,137,"rx_fire_sec_growth"
"O-5",2024-05-24,89,"rx_fire_sec_growth"
"O-5",2024-05-25,66,"rx_fire_sec_growth"
"O-5",2024-05-26,81,"rx_fire_sec_growth"
"O-5",2024-05-27,18,"rx_fire_sec_growth"
"O-5",2024-05-28,26,"rx_fire_sec_growth"
"O-5",2024-05-29,83,"rx_fire_sec_growth"
"O-5",2024-05-30,83,"rx_fire_sec_growth"
"O-5",2024-05-31,132,"rx_fire_sec_growth"
"O-5",2024-06-01,59,"rx_fire_sec_growth"
"O-5",2024-06-02,90,"rx_fire_sec_growth"
"O-5",2024-06-03,125,"rx_fire_sec_growth"
"O-5",2024-06-04,91,"rx_fire_sec_growth"
"O-5",2024-06-05,76,"rx_fire_sec_growth"
"O-5",2024-06-06,204,"rx_fire_sec_growth"
"O-5",2024-06-07,63,"rx_fire_sec_growth"
"O-5",2024-06-08,43,"rx_fire_sec_growth"
"O-5",2024-06-09,112,"rx_fire_sec_growth"
"O-5",2024-06-10,27,"rx_fire_sec_growth"
"O-5",2024-06-11,79,"rx_fire_sec_growth"
"O-5",2024-06-12,71,"rx_fire_sec_growth"
"O-5",2024-06-13,71,"rx_fire_sec_growth"
"O-5",2024-06-14,138,"rx_fire_sec_growth"
"O-5",2024-06-15,113,"rx_fire_sec_growth"
"O-5",2024-06-16,84,"rx_fire_sec_growth"
"O-5",2024-06-17,88,"rx_fire_sec_growth"
"O-5",2024-06-18,93,"rx_fire_sec_growth"
"O-5",2024-06-19,121,"rx_fire_sec_growth"
"O-5",2024-06-20,78,"rx_fire_sec_growth"
"O-5",2024-06-21,60,"rx_fire_sec_growth"
"O-5",2024-06-22,71,"rx_fire_sec_growth"
"O-5",2024-06-23,26,"rx_fire_sec_growth"
"O-5",2024-06-24,25,"rx_fire_sec_growth"
"O-5",2024-06-25,81,"rx_fire_sec_growth"
"O-5",2024-06-26,18,"rx_fire_sec_growth"
"O-5",2024-06-27,11,"rx_fire_sec_growth"
"O-5",2024-06-28,0,"rx_fire_sec_growth"
"O-6",2024-03-10,0,"rx_fire_sec_growth"
"O-6",2024-03-11,0,"rx_fire_sec_growth"
"O-6",2024-03-12,0,"rx_fire_sec_growth"
"O-6",2024-03-13,0,"rx_fire_sec_growth"
"O-6",2024-03-14,0,"rx_fire_sec_growth"
"O-6",2024-03-15,0,"rx_fire_sec_growth"
"O-6",2024-03-16,9,"rx_fire_sec_growth"
"O-6",2024-03-17,24,"rx_fire_sec_growth"
"O-6",2024-03-18,1,"rx_fire_sec_growth"
"O-6",2024-03-19,105,"rx_fire_sec_growth"
"O-6",2024-03-20,156,"rx_fire_sec_growth"
"O-6",2024-03-21,118,"rx_fire_sec_growth"
"O-6",2024-03-22,83,"rx_fire_sec_growth"
"O-6",2024-03-23,67,"rx_fire_sec_growth"
"O-6",2024-03-24,71,"rx_fire_sec_growth"
"O-6",2024-03-25,53,"rx_fire_sec_growth"
"O-6",2024-03-26,59,"rx_fire_sec_growth"
"O-6",2024-03-27,14,"rx_fire_sec_growth"
"O-6",2024-03-28,12,"rx_fire_sec_growth"
"O-6",2024-03-29,5,"rx_fire_sec_growth"
"O-6",2024-03-30,16,"rx_fire_sec_growth"
"O-6",2024-03-31,57,"rx_fire_sec_growth"
"O-6",2024-04-01,56,"rx_fire_sec_growth"
"O-6",2024-04-02,35,"rx_fire_sec_growth"
"O-6",2024-04-03,0,"rx_fire_sec_growth"
"O-6",2024-04-04,2,"rx_fire_sec_growth"
"O-6",2024-04-05,0,"rx_fire_sec_growth"
"O-6",2024-04-06,2,"rx_fire_sec_growth"
"O-6",2024-04-07,33,"rx_fire_sec_growth"
"O-6",2024-04-08,79,"rx_fire_sec_growth"
"O-6",2024-04-09,55,"rx_fire_sec_growth"
"O-6",2024-04-10,77,"rx_fire_sec_growth"
"O-6",2024-04-11,0,"rx_fire_sec_growth"
"O-6",2024-04-12,0,"rx_fire_sec_growth"
"O-6",2024-04-13,16,"rx_fire_sec_growth"
"O-6",2024-04-14,11,"rx_fire_sec_growth"
"O-6",2024-04-15,46,"rx_fire_sec_growth"
"O-6",2024-04-16,35,"rx_fire_sec_growth"
"O-6",2024-04-17,80,"rx_fire_sec_growth"
"O-6",2024-04-18,144,"rx_fire_sec_growth"
"O-6",2024-04-19,41,"rx_fire_sec_growth"
"O-6",2024-04-20,103,"rx_fire_sec_growth"
"O-6",2024-04-21,27,"rx_fire_sec_growth"
"O-6",2024-04-22,201,"rx_fire_sec_growth"
"O-6",2024-04-23,160,"rx_fire_sec_growth"
"O-6",2024-04-24,173,"rx_fire_sec_growth"
"O-6",2024-04-25,66,"rx_fire_sec_growth"
"O-6",2024-04-26,77,"rx_fire_sec_growth"
"O-6",2024-04-27,76,"rx_fire_sec_growth"
"O-6",2024-04-28,69,"rx_fire_sec_growth"
"O-6",2024-04-29,18,"rx_fire_sec_growth"
"O-6",2024-04-30,70,"rx_fire_sec_growth"
"O-6",2024-05-01,67,"rx_fire_sec_growth"
"O-6",2024-05-02,72,"rx_fire_sec_growth"
"O-6",2024-05-03,84,"rx_fire_sec_growth"
"O-6",2024-05-04,135,"rx_fire_sec_growth"
"O-6",2024-05-05,61,"rx_fire_sec_growth"
"O-6",2024-05-06,48,"rx_fire_sec_growth"
"O-6",2024-05-07,43,"rx_fire_sec_growth"
"O-6",2024-05-08,57,"rx_fire_sec_growth"
"O-6",2024-05-09,103,"rx_fire_sec_growth"
"O-6",2024-05-10,28,"rx_fire_sec_growth"
"O-6",2024-05-11,23,"rx_fire_sec_growth"
"O-6",2024-05-12,104,"rx_fire_sec_growth"
"O-6",2024-05-13,17,"rx_fire_sec_growth"
"O-6",2024-05-14,57,"rx_fire_sec_growth"
"O-6",2024-05-15,32,"rx_fire_sec_growth"
"O-6",2024-05-16,22,"rx_fire_sec_growth"
"O-6",2024-05-17,69,"rx_fire_sec_growth"
"O-6",2024-05-18,12,"rx_fire_sec_growth"
"O-6",2024-05-19,1,"rx_fire_sec_growth"
"O-6",2024-05-20,25,"rx_fire_sec_growth"
"O-6",2024-05-21,59,"rx_fire_sec_growth"
"O-6",2024-05-22,56,"rx_fire_sec_growth"
"O-6",2024-05-23,94,"rx_fire_sec_growth"
"O-6",2024-05-24,124,"rx_fire_sec_growth"
"O-6",2024-05-25,83,"rx_fire_sec_growth"
"O-6",2024-05-26,65,"rx_fire_sec_growth"
"O-6",2024-05-27,71,"rx_fire_sec_growth"
"O-6",2024-05-28,65,"rx_fire_sec_growth"
"O-6",2024-05-29,36,"rx_fire_sec_growth"
"O-6",2024-05-30,155,"rx_fire_sec_growth"
"O-6",2024-05-31,171,"rx_fire_sec_growth"
"O-6",2024-06-01,43,"rx_fire_sec_growth"
"O-6",2024-06-02,82,"rx_fire_sec_growth"
"O-6",2024-06-03,87,"rx_fire_sec_growth"
"O-6",2024-06-04,138,"rx_fire_sec_growth"
"O-6",2024-06-05,96,"rx_fire_sec_growth"
"O-6",2024-06-06,114,"rx_fire_sec_growth"
"O-6",2024-06-07,96,"rx_fire_sec_growth"
"O-6",2024-06-08,39,"rx_fire_sec_growth"
"O-6",2024-06-09,230,"rx_fire_sec_growth"
"O-6",2024-06-10,133,"rx_fire_sec_growth"
"O-6",2024-06-11,59,"rx_fire_sec_growth"
"O-6",2024-06-12,271,"rx_fire_sec_growth"
"O-6",2024-06-13,123,"rx_fire_sec_growth"
"O-6",2024-06-14,392,"rx_fire_sec_growth"
"O-6",2024-06-15,279,"rx_fire_sec_growth"
"O-6",2024-06-16,186,"rx_fire_sec_growth"
"O-6",2024-06-17,355,"rx_fire_sec_growth"
"O-6",2024-06-18,271,"rx_fire_sec_growth"
"O-6",2024-06-19,202,"rx_fire_sec_growth"
"O-6",2024-06-20,138,"rx_fire_sec_growth"
"O-6",2024-06-21,155,"rx_fire_sec_growth"
"O-6",2024-06-22,180,"rx_fire_sec_growth"
"O-6",2024-06-23,83,"rx_fire_sec_growth"
"O-6",2024-06-24,84,"rx_fire_sec_growth"
"O-6",2024-06-25,82,"rx_fire_sec_growth"
"O-6",2024-06-26,135,"rx_fire_sec_growth"
"O-6",2024-06-27,12,"rx_fire_sec_growth"
"O-6",2024-06-28,0,"rx_fire_sec_growth"
"O-7",2024-03-10,0,"rx_fire_sec_growth"
"O-7",2024-03-11,0,"rx_fire_sec_growth"
"O-7",2024-03-12,0,"rx_fire_sec_growth"
"O-7",2024-03-13,0,"rx_fire_sec_growth"
"O-7",2024-03-14,0,"rx_fire_sec_growth"
"O-7",2024-03-15,0,"rx_fire_sec_growth"
"O-7",2024-03-16,0,"rx_fire_sec_growth"
"O-7",2024-03-17,2,"rx_fire_sec_growth"
"O-7",2024-03-18,0,"rx_fire_sec_growth"
"O-7",2024-03-19,0,"rx_fire_sec_growth"
"O-7",2024-03-20,72,"rx_fire_sec_growth"
"O-7",2024-03-21,82,"rx_fire_sec_growth"
"O-7",2024-03-22,18,"rx_fire_sec_growth"
"O-7",2024-03-23,16,"rx_fire_sec_growth"
"O-7",2024-03-24,153,"rx_fire_sec_growth"
"O-7",2024-03-25,133,"rx_fire_sec_growth"
"O-7",2024-03-26,57,"rx_fire_sec_growth"
"O-7",2024-03-27,146,"rx_fire_sec_growth"
"O-7",2024-03-28,4,"rx_fire_sec_growth"
"O-7",2024-03-29,14,"rx_fire_sec_growth"
"O-7",2024-03-30,64,"rx_fire_sec_growth"
"O-7",2024-03-31,136,"rx_fire_sec_growth"
"O-7",2024-04-01,169,"rx_fire_sec_growth"
"O-7",2024-04-02,116,"rx_fire_sec_growth"
"O-7",2024-04-03,0,"rx_fire_sec_growth"
"O-7",2024-04-04,38,"rx_fire_sec_growth"
"O-7",2024-04-05,6,"rx_fire_sec_growth"
"O-7",2024-04-06,13,"rx_fire_sec_growth"
"O-7",2024-04-07,53,"rx_fire_sec_growth"
"O-7",2024-04-08,107,"rx_fire_sec_growth"
"O-7",2024-04-09,136,"rx_fire_sec_growth"
"O-7",2024-04-10,140,"rx_fire_sec_growth"
"O-7",2024-04-11,8,"rx_fire_sec_growth"
"O-7",2024-04-12,21,"rx_fire_sec_growth"
"O-7",2024-04-13,120,"rx_fire_sec_growth"
"O-7",2024-04-14,258,"rx_fire_sec_growth"
"O-7",2024-04-15,227,"rx_fire_sec_growth"
"O-7",2024-04-16,87,"rx_fire_sec_growth"
"O-7",2024-04-17,252,"rx_fire_sec_growth"
"O-7",2024-04-18,341,"rx_fire_sec_growth"
"O-7",2024-04-19,180,"rx_fire_sec_growth"
"O-7",2024-04-20,147,"rx_fire_sec_growth"
"O-7",2024-04-21,187,"rx_fire_sec_growth"
"O-7",2024-04-22,265,"rx_fire_sec_growth"
"O-7",2024-04-23,240,"rx_fire_sec_growth"
"O-7",2024-04-24,245,"rx_fire_sec_growth"
"O-7",2024-04-25,216,"rx_fire_sec_growth"
"O-7",2024-04-26,89,"rx_fire_sec_growth"
"O-7",2024-04-27,118,"rx_fire_sec_growth"
"O-7",2024-04-28,163,"rx_fire_sec_growth"
"O-7",2024-04-29,59,"rx_fire_sec_growth"
"O-7",2024-04-30,215,"rx_fire_sec_growth"
"O-7",2024-05-01,82,"rx_fire_sec_growth"
"O-7",2024-05-02,238,"rx_fire_sec_growth"
"O-7",2024-05-03,166,"rx_fire_sec_growth"
"O-7",2024-05-04,244,"rx_fire_sec_growth"
"O-7",2024-05-05,319,"rx_fire_sec_growth"
"O-7",2024-05-06,189,"rx_fire_sec_growth"
"O-7",2024-05-07,155,"rx_fire_sec_growth"
"O-7",2024-05-08,163,"rx_fire_sec_growth"
"O-7",2024-05-09,171,"rx_fire_sec_growth"
"O-7",2024-05-10,107,"rx_fire_sec_growth"
"O-7",2024-05-11,480,"rx_fire_sec_growth"
"O-7",2024-05-12,262,"rx_fire_sec_growth"
"O-7",2024-05-13,137,"rx_fire_sec_growth"
"O-7",2024-05-14,329,"rx_fire_sec_growth"
"O-7",2024-05-15,59,"rx_fire_sec_growth"
"O-7",2024-05-16,396,"rx_fire_sec_growth"
"O-7",2024-05-17,187,"rx_fire_sec_growth"
"O-7",2024-05-18,128,"rx_fire_sec_growth"
"O-7",2024-05-19,152,"rx_fire_sec_growth"
"O-7",2024-05-20,240,"rx_fire_sec_growth"
"O-7",2024-05-21,557,"rx_fire_sec_growth"
"O-7",2024-05-22,310,"rx_fire_sec_growth"
"O-7",2024-05-23,239,"rx_fire_sec_growth"
"O-7",2024-05-24,225,"rx_fire_sec_growth"
"O-7",2024-05-25,357,"rx_fire_sec_growth"
"O-7",2024-05-26,97,"rx_fire_sec_growth"
"O-7",2024-05-27,332,"rx_fire_sec_growth"
"O-7",2024-05-28,208,"rx_fire_sec_growth"
"O-7",2024-05-29,552,"rx_fire_sec_growth"
"O-7",2024-05-30,532,"rx_fire_sec_growth"
"O-7",2024-05-31,151,"rx_fire_sec_growth"
"O-7",2024-06-01,211,"rx_fire_sec_growth"
"O-7",2024-06-02,238,"rx_fire_sec_growth"
"O-7",2024-06-03,298,"rx_fire_sec_growth"
"O-7",2024-06-04,133,"rx_fire_sec_growth"
"O-7",2024-06-05,63,"rx_fire_sec_growth"
"O-7",2024-06-06,266,"rx_fire_sec_growth"
"O-7",2024-06-07,278,"rx_fire_sec_growth"
"O-7",2024-06-08,297,"rx_fire_sec_growth"
"O-7",2024-06-09,396,"rx_fire_sec_growth"
"O-7",2024-06-10,230,"rx_fire_sec_growth"
"O-7",2024-06-11,364,"rx_fire_sec_growth"
"O-7",2024-06-12,429,"rx_fire_sec_growth"
"O-7",2024-06-13,361,"rx_fire_sec_growth"
"O-7",2024-06-14,294,"rx_fire_sec_growth"
"O-7",2024-06-15,291,"rx_fire_sec_growth"
"O-7",2024-06-16,220,"rx_fire_sec_growth"
"O-7",2024-06-17,394,"rx_fire_sec_growth"
"O-7",2024-06-18,192,"rx_fire_sec_growth"
"O-7",2024-06-19,331,"rx_fire_sec_growth"
"O-7",2024-06-20,250,"rx_fire_sec_growth"
"O-7",2024-06-21,476,"rx_fire_sec_growth"
"O-7",2024-06-22,189,"rx_fire_sec_growth"
"O-7",2024-06-23,92,"rx_fire_sec_growth"
"O-7",2024-06-24,44,"rx_fire_sec_growth"
"O-7",2024-06-25,95,"rx_fire_sec_growth"
"O-7",2024-06-26,239,"rx_fire_sec_growth"
"O-7",2024-06-27,57,"rx_fire_sec_growth"
"O-7",2024-06-28,0,"rx_fire_sec_growth"
"O-8",2024-03-10,0,"rx_fire_sec_growth"
"O-8",2024-03-11,0,"rx_fire_sec_growth"
"O-8",2024-03-12,0,"rx_fire_sec_growth"
"O-8",2024-03-13,0,"rx_fire_sec_growth"
"O-8",2024-03-14,0,"rx_fire_sec_growth"
"O-8",2024-03-15,0,"rx_fire_sec_growth"
"O-8",2024-03-16,0,"rx_fire_sec_growth"
"O-8",2024-03-17,0,"rx_fire_sec_growth"
"O-8",2024-03-18,0,"rx_fire_sec_growth"
"O-8",2024-03-19,0,"rx_fire_sec_growth"
"O-8",2024-03-20,0,"rx_fire_sec_growth"
"O-8",2024-03-21,0,"rx_fire_sec_growth"
"O-8",2024-03-22,0,"rx_fire_sec_growth"
"O-8",2024-03-23,0,"rx_fire_sec_growth"
"O-8",2024-03-24,0,"rx_fire_sec_growth"
"O-8",2024-03-25,0,"rx_fire_sec_growth"
"O-8",2024-03-26,0,"rx_fire_sec_growth"
"O-8",2024-03-27,0,"rx_fire_sec_growth"
"O-8",2024-03-28,0,"rx_fire_sec_growth"
"O-8",2024-03-29,0,"rx_fire_sec_growth"
"O-8",2024-03-30,0,"rx_fire_sec_growth"
"O-8",2024-03-31,0,"rx_fire_sec_growth"
"O-8",2024-04-01,0,"rx_fire_sec_growth"
"O-8",2024-04-02,0,"rx_fire_sec_growth"
"O-8",2024-04-03,0,"rx_fire_sec_growth"
"O-8",2024-04-04,0,"rx_fire_sec_growth"
"O-8",2024-04-05,0,"rx_fire_sec_growth"
"O-8",2024-04-06,0,"rx_fire_sec_growth"
"O-8",2024-04-07,0,"rx_fire_sec_growth"
"O-8",2024-04-08,0,"rx_fire_sec_growth"
"O-8",2024-04-09,0,"rx_fire_sec_growth"
"O-8",2024-04-10,0,"rx_fire_sec_growth"
"O-8",2024-04-11,0,"rx_fire_sec_growth"
"O-8",2024-04-12,0,"rx_fire_sec_growth"
"O-8",2024-04-13,0,"rx_fire_sec_growth"
"O-8",2024-04-14,0,"rx_fire_sec_growth"
"O-8",2024-04-15,0,"rx_fire_sec_growth"
"O-8",2024-04-16,0,"rx_fire_sec_growth"
"O-8",2024-04-17,0,"rx_fire_sec_growth"
"O-8",2024-04-18,0,"rx_fire_sec_growth"
"O-8",2024-04-19,0,"rx_fire_sec_growth"
"O-8",2024-04-20,0,"rx_fire_sec_growth"
"O-8",2024-04-21,0,"rx_fire_sec_growth"
"O-8",2024-04-22,163,"rx_fire_sec_growth"
"O-8",2024-04-23,233,"rx_fire_sec_growth"
"O-8",2024-04-24,324,"rx_fire_sec_growth"
"O-8",2024-04-25,319,"rx_fire_sec_growth"
"O-8",2024-04-26,103,"rx_fire_sec_growth"
"O-8",2024-04-27,173,"rx_fire_sec_growth"
"O-8",2024-04-28,164,"rx_fire_sec_growth"
"O-8",2024-04-29,220,"rx_fire_sec_growth"
"O-8",2024-04-30,249,"rx_fire_sec_growth"
"O-8",2024-05-01,178,"rx_fire_sec_growth"
"O-8",2024-05-02,267,"rx_fire_sec_growth"
"O-8",2024-05-03,265,"rx_fire_sec_growth"
"O-8",2024-05-04,374,"rx_fire_sec_growth"
"O-8",2024-05-05,278,"rx_fire_sec_growth"
"O-8",2024-05-06,218,"rx_fire_sec_growth"
"O-8",2024-05-07,58,"rx_fire_sec_growth"
"O-8",2024-05-08,388,"rx_fire_sec_growth"
"O-8",2024-05-09,390,"rx_fire_sec_growth"
"O-8",2024-05-10,375,"rx_fire_sec_growth"
"O-8",2024-05-11,479,"rx_fire_sec_growth"
"O-8",2024-05-12,195,"rx_fire_sec_growth"
"O-8",2024-05-13,140,"rx_fire_sec_growth"
"O-8",2024-05-14,228,"rx_fire_sec_growth"
"O-8",2024-05-15,186,"rx_fire_sec_growth"
"O-8",2024-05-16,199,"rx_fire_sec_growth"
"O-8",2024-05-17,127,"rx_fire_sec_growth"
"O-8",2024-05-18,177,"rx_fire_sec_growth"
"O-8",2024-05-19,258,"rx_fire_sec_growth"
"O-8",2024-05-20,191,"rx_fire_sec_growth"
"O-8",2024-05-21,469,"rx_fire_sec_growth"
"O-8",2024-05-22,786,"rx_fire_sec_growth"
"O-8",2024-05-23,347,"rx_fire_sec_growth"
"O-8",2024-05-24,175,"rx_fire_sec_growth"
"O-8",2024-05-25,87,"rx_fire_sec_growth"
"O-8",2024-05-26,248,"rx_fire_sec_growth"
"O-8",2024-05-27,217,"rx_fire_sec_growth"
"O-8",2024-05-28,305,"rx_fire_sec_growth"
"O-8",2024-05-29,126,"rx_fire_sec_growth"
"O-8",2024-05-30,307,"rx_fire_sec_growth"
"O-8",2024-05-31,338,"rx_fire_sec_growth"
"O-8",2024-06-01,306,"rx_fire_sec_growth"
"O-8",2024-06-02,179,"rx_fire_sec_growth"
"O-8",2024-06-03,389,"rx_fire_sec_growth"
"O-8",2024-06-04,293,"rx_fire_sec_growth"
"O-8",2024-06-05,134,"rx_fire_sec_growth"
"O-8",2024-06-06,275,"rx_fire_sec_growth"
"O-8",2024-06-07,238,"rx_fire_sec_growth"
"O-8",2024-06-08,296,"rx_fire_sec_growth"
"O-8",2024-06-09,352,"rx_fire_sec_growth"
"O-8",2024-06-10,362,"rx_fire_sec_growth"
"O-8",2024-06-11,620,"rx_fire_sec_growth"
"O-8",2024-06-12,449,"rx_fire_sec_growth"
"O-8",2024-06-13,343,"rx_fire_sec_growth"
"O-8",2024-06-14,312,"rx_fire_sec_growth"
"O-8",2024-06-15,240,"rx_fire_sec_growth"
"O-8",2024-06-16,321,"rx_fire_sec_growth"
"O-8",2024-06-17,269,"rx_fire_sec_growth"
"O-8",2024-06-18,338,"rx_fire_sec_growth"
"O-8",2024-06-19,193,"rx_fire_sec_growth"
"O-8",2024-06-20,25,"rx_fire_sec_growth"
"O-8",2024-06-21,377,"rx_fire_sec_growth"
"O-8",2024-06-22,241,"rx_fire_sec_growth"
"O-8",2024-06-23,119,"rx_fire_sec_growth"
"O-8",2024-06-24,47,"rx_fire_sec_growth"
"O-8",2024-06-25,99,"rx_fire_sec_growth"
"O-8",2024-06-26,144,"rx_fire_sec_growth"
"O-8",2024-06-27,58,"rx_fire_sec_growth"
"O-8",2024-06-28,0,"rx_fire_sec_growth"
"R-10",2024-03-10,0,"rx_fire_young"
"R-10",2024-03-11,3,"rx_fire_young"
"R-10",2024-03-12,0,"rx_fire_young"
"R-10",2024-03-13,0,"rx_fire_young"
"R-10",2024-03-14,0,"rx_fire_young"
"R-10",2024-03-15,0,"rx_fire_young"
"R-10",2024-03-16,0,"rx_fire_young"
"R-10",2024-03-17,0,"rx_fire_young"
"R-10",2024-03-18,0,"rx_fire_young"
"R-10",2024-03-19,0,"rx_fire_young"
"R-10",2024-03-20,14,"rx_fire_young"
"R-10",2024-03-21,5,"rx_fire_young"
"R-10",2024-03-22,20,"rx_fire_young"
"R-10",2024-03-23,3,"rx_fire_young"
"R-10",2024-03-24,0,"rx_fire_young"
"R-10",2024-03-25,1,"rx_fire_young"
"R-10",2024-03-26,20,"rx_fire_young"
"R-10",2024-03-27,7,"rx_fire_young"
"R-10",2024-03-28,1,"rx_fire_young"
"R-10",2024-03-29,8,"rx_fire_young"
"R-10",2024-03-30,79,"rx_fire_young"
"R-10",2024-03-31,101,"rx_fire_young"
"R-10",2024-04-01,81,"rx_fire_young"
"R-10",2024-04-02,122,"rx_fire_young"
"R-10",2024-04-03,4,"rx_fire_young"
"R-10",2024-04-04,83,"rx_fire_young"
"R-10",2024-04-05,42,"rx_fire_young"
"R-10",2024-04-06,0,"rx_fire_young"
"R-10",2024-04-07,29,"rx_fire_young"
"R-10",2024-04-08,147,"rx_fire_young"
"R-10",2024-04-09,178,"rx_fire_young"
"R-10",2024-04-10,110,"rx_fire_young"
"R-10",2024-04-11,2,"rx_fire_young"
"R-10",2024-04-12,28,"rx_fire_young"
"R-10",2024-04-13,223,"rx_fire_young"
"R-10",2024-04-14,157,"rx_fire_young"
"R-10",2024-04-15,199,"rx_fire_young"
"R-10",2024-04-16,79,"rx_fire_young"
"R-10",2024-04-17,97,"rx_fire_young"
"R-10",2024-04-18,284,"rx_fire_young"
"R-10",2024-04-19,492,"rx_fire_young"
"R-10",2024-04-20,351,"rx_fire_young"
"R-10",2024-04-21,181,"rx_fire_young"
"R-10",2024-04-22,155,"rx_fire_young"
"R-10",2024-04-23,183,"rx_fire_young"
"R-10",2024-04-24,306,"rx_fire_young"
"R-10",2024-04-25,215,"rx_fire_young"
"R-10",2024-04-26,293,"rx_fire_young"
"R-10",2024-04-27,284,"rx_fire_young"
"R-10",2024-04-28,260,"rx_fire_young"
"R-10",2024-04-29,308,"rx_fire_young"
"R-10",2024-04-30,360,"rx_fire_young"
"R-10",2024-05-01,385,"rx_fire_young"
"R-10",2024-05-02,332,"rx_fire_young"
"R-10",2024-05-03,323,"rx_fire_young"
"R-10",2024-05-04,289,"rx_fire_young"
"R-10",2024-05-05,325,"rx_fire_young"
"R-10",2024-05-06,137,"rx_fire_young"
"R-10",2024-05-07,304,"rx_fire_young"
"R-10",2024-05-08,264,"rx_fire_young"
"R-10",2024-05-09,236,"rx_fire_young"
"R-10",2024-05-10,232,"rx_fire_young"
"R-10",2024-05-11,456,"rx_fire_young"
"R-10",2024-05-12,635,"rx_fire_young"
"R-10",2024-05-13,114,"rx_fire_young"
"R-10",2024-05-14,306,"rx_fire_young"
"R-10",2024-05-15,379,"rx_fire_young"
"R-10",2024-05-16,427,"rx_fire_young"
"R-10",2024-05-17,162,"rx_fire_young"
"R-10",2024-05-18,414,"rx_fire_young"
"R-10",2024-05-19,120,"rx_fire_young"
"R-10",2024-05-20,127,"rx_fire_young"
"R-10",2024-05-21,209,"rx_fire_young"
"R-10",2024-05-22,312,"rx_fire_young"
"R-10",2024-05-23,196,"rx_fire_young"
"R-10",2024-05-24,78,"rx_fire_young"
"R-10",2024-05-25,90,"rx_fire_young"
"R-10",2024-05-26,156,"rx_fire_young"
"R-10",2024-05-27,363,"rx_fire_young"
"R-10",2024-05-28,280,"rx_fire_young"
"R-10",2024-05-29,354,"rx_fire_young"
"R-10",2024-05-30,78,"rx_fire_young"
"R-10",2024-05-31,223,"rx_fire_young"
"R-10",2024-06-01,113,"rx_fire_young"
"R-10",2024-06-02,328,"rx_fire_young"
"R-10",2024-06-03,75,"rx_fire_young"
"R-10",2024-06-04,228,"rx_fire_young"
"R-10",2024-06-05,288,"rx_fire_young"
"R-10",2024-06-06,155,"rx_fire_young"
"R-10",2024-06-07,136,"rx_fire_young"
"R-10",2024-06-08,152,"rx_fire_young"
"R-10",2024-06-09,344,"rx_fire_young"
"R-10",2024-06-10,143,"rx_fire_young"
"R-10",2024-06-11,73,"rx_fire_young"
"R-10",2024-06-12,31,"rx_fire_young"
"R-10",2024-06-13,106,"rx_fire_young"
"R-10",2024-06-14,151,"rx_fire_young"
"R-10",2024-06-15,197,"rx_fire_young"
"R-10",2024-06-16,148,"rx_fire_young"
"R-10",2024-06-17,158,"rx_fire_young"
"R-10",2024-06-18,124,"rx_fire_young"
"R-10",2024-06-19,85,"rx_fire_young"
"R-10",2024-06-20,108,"rx_fire_young"
"R-10",2024-06-21,132,"rx_fire_young"
"R-10",2024-06-22,4,"rx_fire_young"
"R-10",2024-06-23,4,"rx_fire_young"
"R-10",2024-06-24,40,"rx_fire_young"
"R-10",2024-06-25,50,"rx_fire_young"
"R-10",2024-06-26,135,"rx_fire_young"
"R-10",2024-06-27,36,"rx_fire_young"
"R-10",2024-06-28,41,"rx_fire_young"
"R-12",2024-03-10,0,"rx_fire_young"
"R-12",2024-03-11,0,"rx_fire_young"
"R-12",2024-03-12,0,"rx_fire_young"
"R-12",2024-03-13,2,"rx_fire_young"
"R-12",2024-03-14,0,"rx_fire_young"
"R-12",2024-03-15,12,"rx_fire_young"
"R-12",2024-03-16,0,"rx_fire_young"
"R-12",2024-03-17,0,"rx_fire_young"
"R-12",2024-03-18,1,"rx_fire_young"
"R-12",2024-03-19,0,"rx_fire_young"
"R-12",2024-03-20,26,"rx_fire_young"
"R-12",2024-03-21,60,"rx_fire_young"
"R-12",2024-03-22,110,"rx_fire_young"
"R-12",2024-03-23,42,"rx_fire_young"
"R-12",2024-03-24,1,"rx_fire_young"
"R-12",2024-03-25,17,"rx_fire_young"
"R-12",2024-03-26,67,"rx_fire_young"
"R-12",2024-03-27,218,"rx_fire_young"
"R-12",2024-03-28,9,"rx_fire_young"
"R-12",2024-03-29,1,"rx_fire_young"
"R-12",2024-03-30,62,"rx_fire_young"
"R-12",2024-03-31,109,"rx_fire_young"
"R-12",2024-04-01,125,"rx_fire_young"
"R-12",2024-04-02,121,"rx_fire_young"
"R-12",2024-04-03,87,"rx_fire_young"
"R-12",2024-04-04,6,"rx_fire_young"
"R-12",2024-04-05,31,"rx_fire_young"
"R-12",2024-04-06,5,"rx_fire_young"
"R-12",2024-04-07,87,"rx_fire_young"
"R-12",2024-04-08,107,"rx_fire_young"
"R-12",2024-04-09,112,"rx_fire_young"
"R-12",2024-04-10,115,"rx_fire_young"
"R-12",2024-04-11,15,"rx_fire_young"
"R-12",2024-04-12,140,"rx_fire_young"
"R-12",2024-04-13,231,"rx_fire_young"
"R-12",2024-04-14,221,"rx_fire_young"
"R-12",2024-04-15,238,"rx_fire_young"
"R-12",2024-04-16,233,"rx_fire_young"
"R-12",2024-04-17,210,"rx_fire_young"
"R-12",2024-04-18,295,"rx_fire_young"
"R-12",2024-04-19,436,"rx_fire_young"
"R-12",2024-04-20,352,"rx_fire_young"
"R-12",2024-04-21,251,"rx_fire_young"
"R-12",2024-04-22,132,"rx_fire_young"
"R-12",2024-04-23,266,"rx_fire_young"
"R-12",2024-04-24,377,"rx_fire_young"
"R-12",2024-04-25,154,"rx_fire_young"
"R-12",2024-04-26,138,"rx_fire_young"
"R-12",2024-04-27,247,"rx_fire_young"
"R-12",2024-04-28,192,"rx_fire_young"
"R-12",2024-04-29,161,"rx_fire_young"
"R-12",2024-04-30,193,"rx_fire_young"
"R-12",2024-05-01,254,"rx_fire_young"
"R-12",2024-05-02,208,"rx_fire_young"
"R-12",2024-05-03,306,"rx_fire_young"
"R-12",2024-05-04,353,"rx_fire_young"
"R-12",2024-05-05,353,"rx_fire_young"
"R-12",2024-05-06,224,"rx_fire_young"
"R-12",2024-05-07,220,"rx_fire_young"
"R-12",2024-05-08,283,"rx_fire_young"
"R-12",2024-05-09,321,"rx_fire_young"
"R-12",2024-05-10,177,"rx_fire_young"
"R-12",2024-05-11,260,"rx_fire_young"
"R-12",2024-05-12,418,"rx_fire_young"
"R-12",2024-05-13,184,"rx_fire_young"
"R-12",2024-05-14,339,"rx_fire_young"
"R-12",2024-05-15,338,"rx_fire_young"
"R-12",2024-05-16,406,"rx_fire_young"
"R-12",2024-05-17,241,"rx_fire_young"
"R-12",2024-05-18,439,"rx_fire_young"
"R-12",2024-05-19,172,"rx_fire_young"
"R-12",2024-05-20,176,"rx_fire_young"
"R-12",2024-05-21,310,"rx_fire_young"
"R-12",2024-05-22,206,"rx_fire_young"
"R-12",2024-05-23,282,"rx_fire_young"
"R-12",2024-05-24,165,"rx_fire_young"
"R-12",2024-05-25,281,"rx_fire_young"
"R-12",2024-05-26,239,"rx_fire_young"
"R-12",2024-05-27,459,"rx_fire_young"
"R-12",2024-05-28,440,"rx_fire_young"
"R-12",2024-05-29,324,"rx_fire_young"
"R-12",2024-05-30,208,"rx_fire_young"
"R-12",2024-05-31,200,"rx_fire_young"
"R-12",2024-06-01,194,"rx_fire_young"
"R-12",2024-06-02,162,"rx_fire_young"
"R-12",2024-06-03,160,"rx_fire_young"
"R-12",2024-06-04,229,"rx_fire_young"
"R-12",2024-06-05,111,"rx_fire_young"
"R-12",2024-06-06,316,"rx_fire_young"
"R-12",2024-06-07,490,"rx_fire_young"
"R-12",2024-06-08,107,"rx_fire_young"
"R-12",2024-06-09,338,"rx_fire_young"
"R-12",2024-06-10,240,"rx_fire_young"
"R-12",2024-06-11,333,"rx_fire_young"
"R-12",2024-06-12,208,"rx_fire_young"
"R-12",2024-06-13,229,"rx_fire_young"
"R-12",2024-06-14,302,"rx_fire_young"
"R-12",2024-06-15,441,"rx_fire_young"
"R-12",2024-06-16,442,"rx_fire_young"
"R-12",2024-06-17,168,"rx_fire_young"
"R-12",2024-06-18,91,"rx_fire_young"
"R-12",2024-06-19,101,"rx_fire_young"
"R-12",2024-06-20,96,"rx_fire_young"
"R-12",2024-06-21,213,"rx_fire_young"
"R-12",2024-06-22,244,"rx_fire_young"
"R-12",2024-06-23,69,"rx_fire_young"
"R-12",2024-06-24,151,"rx_fire_young"
"R-12",2024-06-25,179,"rx_fire_young"
"R-12",2024-06-26,161,"rx_fire_young"
"R-12",2024-06-27,142,"rx_fire_young"
"R-12",2024-06-28,49,"rx_fire_young"
"R-13",2024-03-10,0,"rx_fire_young"
"R-13",2024-03-11,0,"rx_fire_young"
"R-13",2024-03-12,0,"rx_fire_young"
"R-13",2024-03-13,0,"rx_fire_young"
"R-13",2024-03-14,0,"rx_fire_young"
"R-13",2024-03-15,0,"rx_fire_young"
"R-13",2024-03-16,0,"rx_fire_young"
"R-13",2024-03-17,0,"rx_fire_young"
"R-13",2024-03-18,0,"rx_fire_young"
"R-13",2024-03-19,0,"rx_fire_young"
"R-13",2024-03-20,0,"rx_fire_young"
"R-13",2024-03-21,0,"rx_fire_young"
"R-13",2024-03-22,0,"rx_fire_young"
"R-13",2024-03-23,0,"rx_fire_young"
"R-13",2024-03-24,0,"rx_fire_young"
"R-13",2024-03-25,0,"rx_fire_young"
"R-13",2024-03-26,0,"rx_fire_young"
"R-13",2024-03-27,0,"rx_fire_young"
"R-13",2024-03-28,0,"rx_fire_young"
"R-13",2024-03-29,0,"rx_fire_young"
"R-13",2024-03-30,0,"rx_fire_young"
"R-13",2024-03-31,0,"rx_fire_young"
"R-13",2024-04-01,0,"rx_fire_young"
"R-13",2024-04-02,0,"rx_fire_young"
"R-13",2024-04-03,0,"rx_fire_young"
"R-13",2024-04-04,0,"rx_fire_young"
"R-13",2024-04-05,0,"rx_fire_young"
"R-13",2024-04-06,0,"rx_fire_young"
"R-13",2024-04-07,0,"rx_fire_young"
"R-13",2024-04-08,0,"rx_fire_young"
"R-13",2024-04-09,0,"rx_fire_young"
"R-13",2024-04-10,0,"rx_fire_young"
"R-13",2024-04-11,0,"rx_fire_young"
"R-13",2024-04-12,0,"rx_fire_young"
"R-13",2024-04-13,0,"rx_fire_young"
"R-13",2024-04-14,0,"rx_fire_young"
"R-13",2024-04-15,0,"rx_fire_young"
"R-13",2024-04-16,0,"rx_fire_young"
"R-13",2024-04-17,0,"rx_fire_young"
"R-13",2024-04-18,0,"rx_fire_young"
"R-13",2024-04-19,39,"rx_fire_young"
"R-13",2024-04-20,190,"rx_fire_young"
"R-13",2024-04-21,175,"rx_fire_young"
"R-13",2024-04-22,116,"rx_fire_young"
"R-13",2024-04-23,118,"rx_fire_young"
"R-13",2024-04-24,159,"rx_fire_young"
"R-13",2024-04-25,208,"rx_fire_young"
"R-13",2024-04-26,82,"rx_fire_young"
"R-13",2024-04-27,81,"rx_fire_young"
"R-13",2024-04-28,83,"rx_fire_young"
"R-13",2024-04-29,162,"rx_fire_young"
"R-13",2024-04-30,171,"rx_fire_young"
"R-13",2024-05-01,127,"rx_fire_young"
"R-13",2024-05-02,222,"rx_fire_young"
"R-13",2024-05-03,212,"rx_fire_young"
"R-13",2024-05-04,300,"rx_fire_young"
"R-13",2024-05-05,393,"rx_fire_young"
"R-13",2024-05-06,251,"rx_fire_young"
"R-13",2024-05-07,297,"rx_fire_young"
"R-13",2024-05-08,255,"rx_fire_young"
"R-13",2024-05-09,119,"rx_fire_young"
"R-13",2024-05-10,122,"rx_fire_young"
"R-13",2024-05-11,284,"rx_fire_young"
"R-13",2024-05-12,508,"rx_fire_young"
"R-13",2024-05-13,246,"rx_fire_young"
"R-13",2024-05-14,339,"rx_fire_young"
"R-13",2024-05-15,324,"rx_fire_young"
"R-13",2024-05-16,430,"rx_fire_young"
"R-13",2024-05-17,333,"rx_fire_young"
"R-13",2024-05-18,524,"rx_fire_young"
"R-13",2024-05-19,263,"rx_fire_young"
"R-13",2024-05-20,237,"rx_fire_young"
"R-13",2024-05-21,239,"rx_fire_young"
"R-13",2024-05-22,211,"rx_fire_young"
"R-13",2024-05-23,252,"rx_fire_young"
"R-13",2024-05-24,115,"rx_fire_young"
"R-13",2024-05-25,126,"rx_fire_young"
"R-13",2024-05-26,166,"rx_fire_young"
"R-13",2024-05-27,420,"rx_fire_young"
"R-13",2024-05-28,182,"rx_fire_young"
"R-13",2024-05-29,176,"rx_fire_young"
"R-13",2024-05-30,175,"rx_fire_young"
"R-13",2024-05-31,265,"rx_fire_young"
"R-13",2024-06-01,146,"rx_fire_young"
"R-13",2024-06-02,214,"rx_fire_young"
"R-13",2024-06-03,408,"rx_fire_young"
"R-13",2024-06-04,176,"rx_fire_young"
"R-13",2024-06-05,286,"rx_fire_young"
"R-13",2024-06-06,265,"rx_fire_young"
"R-13",2024-06-07,127,"rx_fire_young"
"R-13",2024-06-08,85,"rx_fire_young"
"R-13",2024-06-09,228,"rx_fire_young"
"R-13",2024-06-10,200,"rx_fire_young"
"R-13",2024-06-11,178,"rx_fire_young"
"R-13",2024-06-12,222,"rx_fire_young"
"R-13",2024-06-13,96,"rx_fire_young"
"R-13",2024-06-14,201,"rx_fire_young"
"R-13",2024-06-15,320,"rx_fire_young"
"R-13",2024-06-16,207,"rx_fire_young"
"R-13",2024-06-17,166,"rx_fire_young"
"R-13",2024-06-18,77,"rx_fire_young"
"R-13",2024-06-19,263,"rx_fire_young"
"R-13",2024-06-20,151,"rx_fire_young"
"R-13",2024-06-21,18,"rx_fire_young"
"R-13",2024-06-22,105,"rx_fire_young"
"R-13",2024-06-23,70,"rx_fire_young"
"R-13",2024-06-24,78,"rx_fire_young"
"R-13",2024-06-25,90,"rx_fire_young"
"R-13",2024-06-26,119,"rx_fire_young"
"R-13",2024-06-27,119,"rx_fire_young"
"R-13",2024-06-28,107,"rx_fire_young"
"R-3",2024-03-10,0,"rx_fire_young"
"R-3",2024-03-11,0,"rx_fire_young"
"R-3",2024-03-12,0,"rx_fire_young"
"R-3",2024-03-13,1,"rx_fire_young"
"R-3",2024-03-14,0,"rx_fire_young"
"R-3",2024-03-15,2,"rx_fire_young"
"R-3",2024-03-16,0,"rx_fire_young"
"R-3",2024-03-17,0,"rx_fire_young"
"R-3",2024-03-18,3,"rx_fire_young"
"R-3",2024-03-19,18,"rx_fire_young"
"R-3",2024-03-20,19,"rx_fire_young"
"R-3",2024-03-21,132,"rx_fire_young"
"R-3",2024-03-22,50,"rx_fire_young"
"R-3",2024-03-23,159,"rx_fire_young"
"R-3",2024-03-24,86,"rx_fire_young"
"R-3",2024-03-25,81,"rx_fire_young"
"R-3",2024-03-26,63,"rx_fire_young"
"R-3",2024-03-27,22,"rx_fire_young"
"R-3",2024-03-28,29,"rx_fire_young"
"R-3",2024-03-29,1,"rx_fire_young"
"R-3",2024-03-30,51,"rx_fire_young"
"R-3",2024-03-31,62,"rx_fire_young"
"R-3",2024-04-01,5,"rx_fire_young"
"R-3",2024-04-02,17,"rx_fire_young"
"R-3",2024-04-03,4,"rx_fire_young"
"R-3",2024-04-04,0,"rx_fire_young"
"R-3",2024-04-05,3,"rx_fire_young"
"R-3",2024-04-06,0,"rx_fire_young"
"R-3",2024-04-07,2,"rx_fire_young"
"R-3",2024-04-08,43,"rx_fire_young"
"R-3",2024-04-09,145,"rx_fire_young"
"R-3",2024-04-10,21,"rx_fire_young"
"R-3",2024-04-11,0,"rx_fire_young"
"R-3",2024-04-12,20,"rx_fire_young"
"R-3",2024-04-13,125,"rx_fire_young"
"R-3",2024-04-14,79,"rx_fire_young"
"R-3",2024-04-15,35,"rx_fire_young"
"R-3",2024-04-16,70,"rx_fire_young"
"R-3",2024-04-17,153,"rx_fire_young"
"R-3",2024-04-18,175,"rx_fire_young"
"R-3",2024-04-19,200,"rx_fire_young"
"R-3",2024-04-20,237,"rx_fire_young"
"R-3",2024-04-21,337,"rx_fire_young"
"R-3",2024-04-22,218,"rx_fire_young"
"R-3",2024-04-23,286,"rx_fire_young"
"R-3",2024-04-24,187,"rx_fire_young"
"R-3",2024-04-25,258,"rx_fire_young"
"R-3",2024-04-26,256,"rx_fire_young"
"R-3",2024-04-27,299,"rx_fire_young"
"R-3",2024-04-28,215,"rx_fire_young"
"R-3",2024-04-29,166,"rx_fire_young"
"R-3",2024-04-30,255,"rx_fire_young"
"R-3",2024-05-01,88,"rx_fire_young"
"R-3",2024-05-02,143,"rx_fire_young"
"R-3",2024-05-03,149,"rx_fire_young"
"R-3",2024-05-04,218,"rx_fire_young"
"R-3",2024-05-05,162,"rx_fire_young"
"R-3",2024-05-06,94,"rx_fire_young"
"R-3",2024-05-07,223,"rx_fire_young"
"R-3",2024-05-08,186,"rx_fire_young"
"R-3",2024-05-09,26,"rx_fire_young"
"R-3",2024-05-10,102,"rx_fire_young"
"R-3",2024-05-11,271,"rx_fire_young"
"R-3",2024-05-12,268,"rx_fire_young"
"R-3",2024-05-13,98,"rx_fire_young"
"R-3",2024-05-14,83,"rx_fire_young"
"R-3",2024-05-15,221,"rx_fire_young"
"R-3",2024-05-16,243,"rx_fire_young"
"R-3",2024-05-17,401,"rx_fire_young"
"R-3",2024-05-18,299,"rx_fire_young"
"R-3",2024-05-19,221,"rx_fire_young"
"R-3",2024-05-20,212,"rx_fire_young"
"R-3",2024-05-21,527,"rx_fire_young"
"R-3",2024-05-22,362,"rx_fire_young"
"R-3",2024-05-23,277,"rx_fire_young"
"R-3",2024-05-24,209,"rx_fire_young"
"R-3",2024-05-25,50,"rx_fire_young"
"R-3",2024-05-26,209,"rx_fire_young"
"R-3",2024-05-27,232,"rx_fire_young"
"R-3",2024-05-28,228,"rx_fire_young"
"R-3",2024-05-29,221,"rx_fire_young"
"R-3",2024-05-30,235,"rx_fire_young"
"R-3",2024-05-31,180,"rx_fire_young"
"R-3",2024-06-01,290,"rx_fire_young"
"R-3",2024-06-02,235,"rx_fire_young"
"R-3",2024-06-03,336,"rx_fire_young"
"R-3",2024-06-04,251,"rx_fire_young"
"R-3",2024-06-05,175,"rx_fire_young"
"R-3",2024-06-06,181,"rx_fire_young"
"R-3",2024-06-07,176,"rx_fire_young"
"R-3",2024-06-08,179,"rx_fire_young"
"R-3",2024-06-09,223,"rx_fire_young"
"R-3",2024-06-10,196,"rx_fire_young"
"R-3",2024-06-11,242,"rx_fire_young"
"R-3",2024-06-12,248,"rx_fire_young"
"R-3",2024-06-13,475,"rx_fire_young"
"R-3",2024-06-14,247,"rx_fire_young"
"R-3",2024-06-15,348,"rx_fire_young"
"R-3",2024-06-16,351,"rx_fire_young"
"R-3",2024-06-17,526,"rx_fire_young"
"R-3",2024-06-18,434,"rx_fire_young"
"R-3",2024-06-19,430,"rx_fire_young"
"R-3",2024-06-20,315,"rx_fire_young"
"R-3",2024-06-21,199,"rx_fire_young"
"R-3",2024-06-22,62,"rx_fire_young"
"R-3",2024-06-23,111,"rx_fire_young"
"R-3",2024-06-24,37,"rx_fire_young"
"R-3",2024-06-25,89,"rx_fire_young"
"R-3",2024-06-26,156,"rx_fire_young"
"R-3",2024-06-27,44,"rx_fire_young"
"R-3",2024-06-28,3,"rx_fire_young"
"R-7",2024-03-10,0,"rx_fire_young"
"R-7",2024-03-11,0,"rx_fire_young"
"R-7",2024-03-12,0,"rx_fire_young"
"R-7",2024-03-13,0,"rx_fire_young"
"R-7",2024-03-14,0,"rx_fire_young"
"R-7",2024-03-15,0,"rx_fire_young"
"R-7",2024-03-16,0,"rx_fire_young"
"R-7",2024-03-17,17,"rx_fire_young"
"R-7",2024-03-18,1,"rx_fire_young"
"R-7",2024-03-19,8,"rx_fire_young"
"R-7",2024-03-20,1,"rx_fire_young"
"R-7",2024-03-21,64,"rx_fire_young"
"R-7",2024-03-22,89,"rx_fire_young"
"R-7",2024-03-23,53,"rx_fire_young"
"R-7",2024-03-24,95,"rx_fire_young"
"R-7",2024-03-25,15,"rx_fire_young"
"R-7",2024-03-26,64,"rx_fire_young"
"R-7",2024-03-27,60,"rx_fire_young"
"R-7",2024-03-28,11,"rx_fire_young"
"R-7",2024-03-29,0,"rx_fire_young"
"R-7",2024-03-30,54,"rx_fire_young"
"R-7",2024-03-31,64,"rx_fire_young"
"R-7",2024-04-01,72,"rx_fire_young"
"R-7",2024-04-02,91,"rx_fire_young"
"R-7",2024-04-03,62,"rx_fire_young"
"R-7",2024-04-04,8,"rx_fire_young"
"R-7",2024-04-05,24,"rx_fire_young"
"R-7",2024-04-06,68,"rx_fire_young"
"R-7",2024-04-07,34,"rx_fire_young"
"R-7",2024-04-08,116,"rx_fire_young"
"R-7",2024-04-09,103,"rx_fire_young"
"R-7",2024-04-10,101,"rx_fire_young"
"R-7",2024-04-11,0,"rx_fire_young"
"R-7",2024-04-12,3,"rx_fire_young"
"R-7",2024-04-13,47,"rx_fire_young"
"R-7",2024-04-14,123,"rx_fire_young"
"R-7",2024-04-15,120,"rx_fire_young"
"R-7",2024-04-16,129,"rx_fire_young"
"R-7",2024-04-17,251,"rx_fire_young"
"R-7",2024-04-18,110,"rx_fire_young"
"R-7",2024-04-19,259,"rx_fire_young"
"R-7",2024-04-20,143,"rx_fire_young"
"R-7",2024-04-21,205,"rx_fire_young"
"R-7",2024-04-22,369,"rx_fire_young"
"R-7",2024-04-23,443,"rx_fire_young"
"R-7",2024-04-24,296,"rx_fire_young"
"R-7",2024-04-25,259,"rx_fire_young"
"R-7",2024-04-26,284,"rx_fire_young"
"R-7",2024-04-27,386,"rx_fire_young"
"R-7",2024-04-28,257,"rx_fire_young"
"R-7",2024-04-29,459,"rx_fire_young"
"R-7",2024-04-30,288,"rx_fire_young"
"R-7",2024-05-01,347,"rx_fire_young"
"R-7",2024-05-02,266,"rx_fire_young"
"R-7",2024-05-03,362,"rx_fire_young"
"R-7",2024-05-04,354,"rx_fire_young"
"R-7",2024-05-05,451,"rx_fire_young"
"R-7",2024-05-06,203,"rx_fire_young"
"R-7",2024-05-07,253,"rx_fire_young"
"R-7",2024-05-08,323,"rx_fire_young"
"R-7",2024-05-09,241,"rx_fire_young"
"R-7",2024-05-10,135,"rx_fire_young"
"R-7",2024-05-11,426,"rx_fire_young"
"R-7",2024-05-12,594,"rx_fire_young"
"R-7",2024-05-13,265,"rx_fire_young"
"R-7",2024-05-14,85,"rx_fire_young"
"R-7",2024-05-15,223,"rx_fire_young"
"R-7",2024-05-16,463,"rx_fire_young"
"R-7",2024-05-17,459,"rx_fire_young"
"R-7",2024-05-18,308,"rx_fire_young"
"R-7",2024-05-19,76,"rx_fire_young"
"R-7",2024-05-20,85,"rx_fire_young"
"R-7",2024-05-21,434,"rx_fire_young"
"R-7",2024-05-22,432,"rx_fire_young"
"R-7",2024-05-23,304,"rx_fire_young"
"R-7",2024-05-24,205,"rx_fire_young"
"R-7",2024-05-25,132,"rx_fire_young"
"R-7",2024-05-26,216,"rx_fire_young"
"R-7",2024-05-27,410,"rx_fire_young"
"R-7",2024-05-28,265,"rx_fire_young"
"R-7",2024-05-29,393,"rx_fire_young"
"R-7",2024-05-30,418,"rx_fire_young"
"R-7",2024-05-31,499,"rx_fire_young"
"R-7",2024-06-01,342,"rx_fire_young"
"R-7",2024-06-02,148,"rx_fire_young"
"R-7",2024-06-03,330,"rx_fire_young"
"R-7",2024-06-04,192,"rx_fire_young"
"R-7",2024-06-05,278,"rx_fire_young"
"R-7",2024-06-06,309,"rx_fire_young"
"R-7",2024-06-07,275,"rx_fire_young"
"R-7",2024-06-08,293,"rx_fire_young"
"R-7",2024-06-09,408,"rx_fire_young"
"R-7",2024-06-10,423,"rx_fire_young"
"R-7",2024-06-11,320,"rx_fire_young"
"R-7",2024-06-12,507,"rx_fire_young"
"R-7",2024-06-13,625,"rx_fire_young"
"R-7",2024-06-14,444,"rx_fire_young"
"R-7",2024-06-15,417,"rx_fire_young"
"R-7",2024-06-16,407,"rx_fire_young"
"R-7",2024-06-17,417,"rx_fire_young"
"R-7",2024-06-18,387,"rx_fire_young"
"R-7",2024-06-19,393,"rx_fire_young"
"R-7",2024-06-20,293,"rx_fire_young"
"R-7",2024-06-21,291,"rx_fire_young"
"R-7",2024-06-22,279,"rx_fire_young"
"R-7",2024-06-23,285,"rx_fire_young"
"R-7",2024-06-24,47,"rx_fire_young"
"R-7",2024-06-25,207,"rx_fire_young"
"R-7",2024-06-26,285,"rx_fire_young"
"R-7",2024-06-27,156,"rx_fire_young"
"R-7",2024-06-28,62,"rx_fire_young"
"T-1",2024-03-10,1,"timber"
"T-1",2024-03-11,5,"timber"
"T-1",2024-03-12,1,"timber"
"T-1",2024-03-13,0,"timber"
"T-1",2024-03-14,0,"timber"
"T-1",2024-03-15,0,"timber"
"T-1",2024-03-16,0,"timber"
"T-1",2024-03-17,0,"timber"
"T-1",2024-03-18,1,"timber"
"T-1",2024-03-19,0,"timber"
"T-1",2024-03-20,1,"timber"
"T-1",2024-03-21,60,"timber"
"T-1",2024-03-22,82,"timber"
"T-1",2024-03-23,82,"timber"
"T-1",2024-03-24,8,"timber"
"T-1",2024-03-25,56,"timber"
"T-1",2024-03-26,3,"timber"
"T-1",2024-03-27,250,"timber"
"T-1",2024-03-28,0,"timber"
"T-1",2024-03-29,1,"timber"
"T-1",2024-03-30,58,"timber"
"T-1",2024-03-31,59,"timber"
"T-1",2024-04-01,52,"timber"
"T-1",2024-04-02,40,"timber"
"T-1",2024-04-03,4,"timber"
"T-1",2024-04-04,2,"timber"
"T-1",2024-04-05,2,"timber"
"T-1",2024-04-06,0,"timber"
"T-1",2024-04-07,8,"timber"
"T-1",2024-04-08,27,"timber"
"T-1",2024-04-09,20,"timber"
"T-1",2024-04-10,55,"timber"
"T-1",2024-04-11,0,"timber"
"T-1",2024-04-12,0,"timber"
"T-1",2024-04-13,0,"timber"
"T-1",2024-04-14,0,"timber"
"T-1",2024-04-15,0,"timber"
"T-1",2024-04-16,0,"timber"
"T-1",2024-04-17,0,"timber"
"T-1",2024-04-18,0,"timber"
"T-1",2024-04-19,0,"timber"
"T-1",2024-04-20,0,"timber"
"T-1",2024-04-21,39,"timber"
"T-1",2024-04-22,190,"timber"
"T-1",2024-04-23,201,"timber"
"T-1",2024-04-24,100,"timber"
"T-1",2024-04-25,176,"timber"
"T-1",2024-04-26,85,"timber"
"T-1",2024-04-27,152,"timber"
"T-1",2024-04-28,207,"timber"
"T-1",2024-04-29,256,"timber"
"T-1",2024-04-30,270,"timber"
"T-1",2024-05-01,258,"timber"
"T-1",2024-05-02,404,"timber"
"T-1",2024-05-03,338,"timber"
"T-1",2024-05-04,267,"timber"
"T-1",2024-05-05,362,"timber"
"T-1",2024-05-06,328,"timber"
"T-1",2024-05-07,410,"timber"
"T-1",2024-05-08,310,"timber"
"T-1",2024-05-09,360,"timber"
"T-1",2024-05-10,112,"timber"
"T-1",2024-05-11,380,"timber"
"T-1",2024-05-12,371,"timber"
"T-1",2024-05-13,272,"timber"
"T-1",2024-05-14,213,"timber"
"T-1",2024-05-15,78,"timber"
"T-1",2024-05-16,342,"timber"
"T-1",2024-05-17,421,"timber"
"T-1",2024-05-18,316,"timber"
"T-1",2024-05-19,36,"timber"
"T-1",2024-05-20,294,"timber"
"T-1",2024-05-21,236,"timber"
"T-1",2024-05-22,246,"timber"
"T-1",2024-05-23,289,"timber"
"T-1",2024-05-24,224,"timber"
"T-1",2024-05-25,173,"timber"
"T-1",2024-05-26,354,"timber"
"T-1",2024-05-27,150,"timber"
"T-1",2024-05-28,467,"timber"
"T-1",2024-05-29,291,"timber"
"T-1",2024-05-30,538,"timber"
"T-1",2024-05-31,457,"timber"
"T-1",2024-06-01,215,"timber"
"T-1",2024-06-02,443,"timber"
"T-1",2024-06-03,587,"timber"
"T-1",2024-06-04,256,"timber"
"T-1",2024-06-05,396,"timber"
"T-1",2024-06-06,183,"timber"
"T-1",2024-06-07,138,"timber"
"T-1",2024-06-08,286,"timber"
"T-1",2024-06-09,245,"timber"
"T-1",2024-06-10,229,"timber"
"T-1",2024-06-11,341,"timber"
"T-1",2024-06-12,326,"timber"
"T-1",2024-06-13,196,"timber"
"T-1",2024-06-14,247,"timber"
"T-1",2024-06-15,319,"timber"
"T-1",2024-06-16,310,"timber"
"T-1",2024-06-17,525,"timber"
"T-1",2024-06-18,378,"timber"
"T-1",2024-06-19,577,"timber"
"T-1",2024-06-20,372,"timber"
"T-1",2024-06-21,216,"timber"
"T-1",2024-06-22,168,"timber"
"T-1",2024-06-23,136,"timber"
"T-1",2024-06-24,36,"timber"
"T-1",2024-06-25,74,"timber"
"T-1",2024-06-26,72,"timber"
"T-1",2024-06-27,75,"timber"
"T-1",2024-06-28,147,"timber"
"T-14",2024-03-10,1,"timber"
"T-14",2024-03-11,1,"timber"
"T-14",2024-03-12,1,"timber"
"T-14",2024-03-13,0,"timber"
"T-14",2024-03-14,6,"timber"
"T-14",2024-03-15,3,"timber"
"T-14",2024-03-16,0,"timber"
"T-14",2024-03-17,0,"timber"
"T-14",2024-03-18,1,"timber"
"T-14",2024-03-19,0,"timber"
"T-14",2024-03-20,8,"timber"
"T-14",2024-03-21,89,"timber"
"T-14",2024-03-22,0,"timber"
"T-14",2024-03-23,2,"timber"
"T-14",2024-03-24,1,"timber"
"T-14",2024-03-25,1,"timber"
"T-14",2024-03-26,35,"timber"
"T-14",2024-03-27,130,"timber"
"T-14",2024-03-28,48,"timber"
"T-14",2024-03-29,0,"timber"
"T-14",2024-03-30,69,"timber"
"T-14",2024-03-31,37,"timber"
"T-14",2024-04-01,81,"timber"
"T-14",2024-04-02,125,"timber"
"T-14",2024-04-03,53,"timber"
"T-14",2024-04-04,0,"timber"
"T-14",2024-04-05,0,"timber"
"T-14",2024-04-06,0,"timber"
"T-14",2024-04-07,2,"timber"
"T-14",2024-04-08,92,"timber"
"T-14",2024-04-09,95,"timber"
"T-14",2024-04-10,66,"timber"
"T-14",2024-04-11,0,"timber"
"T-14",2024-04-12,11,"timber"
"T-14",2024-04-13,34,"timber"
"T-14",2024-04-14,158,"timber"
"T-14",2024-04-15,261,"timber"
"T-14",2024-04-16,250,"timber"
"T-14",2024-04-17,478,"timber"
"T-14",2024-04-18,262,"timber"
"T-14",2024-04-19,321,"timber"
"T-14",2024-04-20,365,"timber"
"T-14",2024-04-21,151,"timber"
"T-14",2024-04-22,282,"timber"
"T-14",2024-04-23,190,"timber"
"T-14",2024-04-24,184,"timber"
"T-14",2024-04-25,213,"timber"
"T-14",2024-04-26,73,"timber"
"T-14",2024-04-27,86,"timber"
"T-14",2024-04-28,108,"timber"
"T-14",2024-04-29,198,"timber"
"T-14",2024-04-30,156,"timber"
"T-14",2024-05-01,128,"timber"
"T-14",2024-05-02,114,"timber"
"T-14",2024-05-03,125,"timber"
"T-14",2024-05-04,277,"timber"
"T-14",2024-05-05,160,"timber"
"T-14",2024-05-06,365,"timber"
"T-14",2024-05-07,372,"timber"
"T-14",2024-05-08,403,"timber"
"T-14",2024-05-09,355,"timber"
"T-14",2024-05-10,551,"timber"
"T-14",2024-05-11,436,"timber"
"T-14",2024-05-12,611,"timber"
"T-14",2024-05-13,455,"timber"
"T-14",2024-05-14,547,"timber"
"T-14",2024-05-15,543,"timber"
"T-14",2024-05-16,636,"timber"
"T-14",2024-05-17,612,"timber"
"T-14",2024-05-18,751,"timber"
"T-14",2024-05-19,556,"timber"
"T-14",2024-05-20,525,"timber"
"T-14",2024-05-21,351,"timber"
"T-14",2024-05-22,595,"timber"
"T-14",2024-05-23,474,"timber"
"T-14",2024-05-24,144,"timber"
"T-14",2024-05-25,346,"timber"
"T-14",2024-05-26,297,"timber"
"T-14",2024-05-27,377,"timber"
"T-14",2024-05-28,225,"timber"
"T-14",2024-05-29,273,"timber"
"T-14",2024-05-30,313,"timber"
"T-14",2024-05-31,333,"timber"
"T-14",2024-06-01,309,"timber"
"T-14",2024-06-02,167,"timber"
"T-14",2024-06-03,236,"timber"
"T-14",2024-06-04,156,"timber"
"T-14",2024-06-05,427,"timber"
"T-14",2024-06-06,200,"timber"
"T-14",2024-06-07,346,"timber"
"T-14",2024-06-08,364,"timber"
"T-14",2024-06-09,388,"timber"
"T-14",2024-06-10,463,"timber"
"T-14",2024-06-11,218,"timber"
"T-14",2024-06-12,357,"timber"
"T-14",2024-06-13,217,"timber"
"T-14",2024-06-14,212,"timber"
"T-14",2024-06-15,310,"timber"
"T-14",2024-06-16,285,"timber"
"T-14",2024-06-17,276,"timber"
"T-14",2024-06-18,202,"timber"
"T-14",2024-06-19,529,"timber"
"T-14",2024-06-20,292,"timber"
"T-14",2024-06-21,245,"timber"
"T-14",2024-06-22,213,"timber"
"T-14",2024-06-23,191,"timber"
"T-14",2024-06-24,217,"timber"
"T-14",2024-06-25,172,"timber"
"T-14",2024-06-26,137,"timber"
"T-14",2024-06-27,236,"timber"
"T-14",2024-06-28,357,"timber"
"T-19",2024-03-10,0,"timber"
"T-19",2024-03-11,1,"timber"
"T-19",2024-03-12,1,"timber"
"T-19",2024-03-13,2,"timber"
"T-19",2024-03-14,0,"timber"
"T-19",2024-03-15,2,"timber"
"T-19",2024-03-16,3,"timber"
"T-19",2024-03-17,0,"timber"
"T-19",2024-03-18,1,"timber"
"T-19",2024-03-19,0,"timber"
"T-19",2024-03-20,23,"timber"
"T-19",2024-03-21,57,"timber"
"T-19",2024-03-22,44,"timber"
"T-19",2024-03-23,93,"timber"
"T-19",2024-03-24,19,"timber"
"T-19",2024-03-25,59,"timber"
"T-19",2024-03-26,3,"timber"
"T-19",2024-03-27,20,"timber"
"T-19",2024-03-28,27,"timber"
"T-19",2024-03-29,2,"timber"
"T-19",2024-03-30,72,"timber"
"T-19",2024-03-31,60,"timber"
"T-19",2024-04-01,64,"timber"
"T-19",2024-04-02,65,"timber"
"T-19",2024-04-03,1,"timber"
"T-19",2024-04-04,0,"timber"
"T-19",2024-04-05,1,"timber"
"T-19",2024-04-06,2,"timber"
"T-19",2024-04-07,0,"timber"
"T-19",2024-04-08,24,"timber"
"T-19",2024-04-09,5,"timber"
"T-19",2024-04-10,27,"timber"
"T-19",2024-04-11,0,"timber"
"T-19",2024-04-12,3,"timber"
"T-19",2024-04-13,91,"timber"
"T-19",2024-04-14,138,"timber"
"T-19",2024-04-15,176,"timber"
"T-19",2024-04-16,212,"timber"
"T-19",2024-04-17,216,"timber"
"T-19",2024-04-18,271,"timber"
"T-19",2024-04-19,211,"timber"
"T-19",2024-04-20,213,"timber"
"T-19",2024-04-21,72,"timber"
"T-19",2024-04-22,217,"timber"
"T-19",2024-04-23,188,"timber"
"T-19",2024-04-24,178,"timber"
"T-19",2024-04-25,108,"timber"
"T-19",2024-04-26,56,"timber"
"T-19",2024-04-27,65,"timber"
"T-19",2024-04-28,92,"timber"
"T-19",2024-04-29,231,"timber"
"T-19",2024-04-30,100,"timber"
"T-19",2024-05-01,260,"timber"
"T-19",2024-05-02,240,"timber"
"T-19",2024-05-03,186,"timber"
"T-19",2024-05-04,264,"timber"
"T-19",2024-05-05,326,"timber"
"T-19",2024-05-06,169,"timber"
"T-19",2024-05-07,398,"timber"
"T-19",2024-05-08,203,"timber"
"T-19",2024-05-09,450,"timber"
"T-19",2024-05-10,128,"timber"
"T-19",2024-05-11,51,"timber"
"T-19",2024-05-12,159,"timber"
"T-19",2024-05-13,68,"timber"
"T-19",2024-05-14,147,"timber"
"T-19",2024-05-15,88,"timber"
"T-19",2024-05-16,209,"timber"
"T-19",2024-05-17,300,"timber"
"T-19",2024-05-18,207,"timber"
"T-19",2024-05-19,66,"timber"
"T-19",2024-05-20,176,"timber"
"T-19",2024-05-21,197,"timber"
"T-19",2024-05-22,111,"timber"
"T-19",2024-05-23,63,"timber"
"T-19",2024-05-24,59,"timber"
"T-19",2024-05-25,138,"timber"
"T-19",2024-05-26,68,"timber"
"T-19",2024-05-27,358,"timber"
"T-19",2024-05-28,135,"timber"
"T-19",2024-05-29,121,"timber"
"T-19",2024-05-30,118,"timber"
"T-19",2024-05-31,207,"timber"
"T-19",2024-06-01,86,"timber"
"T-19",2024-06-02,85,"timber"
"T-19",2024-06-03,135,"timber"
"T-19",2024-06-04,87,"timber"
"T-19",2024-06-05,198,"timber"
"T-19",2024-06-06,134,"timber"
"T-19",2024-06-07,109,"timber"
"T-19",2024-06-08,289,"timber"
"T-19",2024-06-09,213,"timber"
"T-19",2024-06-10,112,"timber"
"T-19",2024-06-11,198,"timber"
"T-19",2024-06-12,66,"timber"
"T-19",2024-06-13,140,"timber"
"T-19",2024-06-14,160,"timber"
"T-19",2024-06-15,134,"timber"
"T-19",2024-06-16,225,"timber"
"T-19",2024-06-17,86,"timber"
"T-19",2024-06-18,125,"timber"
"T-19",2024-06-19,146,"timber"
"T-19",2024-06-20,56,"timber"
"T-19",2024-06-21,197,"timber"
"T-19",2024-06-22,45,"timber"
"T-19",2024-06-23,31,"timber"
"T-19",2024-06-24,18,"timber"
"T-19",2024-06-25,114,"timber"
"T-19",2024-06-26,183,"timber"
"T-19",2024-06-27,183,"timber"
"T-19",2024-06-28,85,"timber"
"T-4",2024-03-10,1,"timber"
"T-4",2024-03-11,0,"timber"
"T-4",2024-03-12,1,"timber"
"T-4",2024-03-13,2,"timber"
"T-4",2024-03-14,0,"timber"
"T-4",2024-03-15,0,"timber"
"T-4",2024-03-16,0,"timber"
"T-4",2024-03-17,1,"timber"
"T-4",2024-03-18,0,"timber"
"T-4",2024-03-19,1,"timber"
"T-4",2024-03-20,0,"timber"
"T-4",2024-03-21,72,"timber"
"T-4",2024-03-22,42,"timber"
"T-4",2024-03-23,27,"timber"
"T-4",2024-03-24,15,"timber"
"T-4",2024-03-25,23,"timber"
"T-4",2024-03-26,60,"timber"
"T-4",2024-03-27,90,"timber"
"T-4",2024-03-28,1,"timber"
"T-4",2024-03-29,0,"timber"
"T-4",2024-03-30,2,"timber"
"T-4",2024-03-31,17,"timber"
"T-4",2024-04-01,25,"timber"
"T-4",2024-04-02,46,"timber"
"T-4",2024-04-03,0,"timber"
"T-4",2024-04-04,2,"timber"
"T-4",2024-04-05,3,"timber"
"T-4",2024-04-06,0,"timber"
"T-4",2024-04-07,6,"timber"
"T-4",2024-04-08,28,"timber"
"T-4",2024-04-09,140,"timber"
"T-4",2024-04-10,98,"timber"
"T-4",2024-04-11,1,"timber"
"T-4",2024-04-12,0,"timber"
"T-4",2024-04-13,13,"timber"
"T-4",2024-04-14,32,"timber"
"T-4",2024-04-15,182,"timber"
"T-4",2024-04-16,195,"timber"
"T-4",2024-04-17,190,"timber"
"T-4",2024-04-18,195,"timber"
"T-4",2024-04-19,202,"timber"
"T-4",2024-04-20,201,"timber"
"T-4",2024-04-21,60,"timber"
"T-4",2024-04-22,219,"timber"
"T-4",2024-04-23,206,"timber"
"T-4",2024-04-24,83,"timber"
"T-4",2024-04-25,165,"timber"
"T-4",2024-04-26,64,"timber"
"T-4",2024-04-27,173,"timber"
"T-4",2024-04-28,165,"timber"
"T-4",2024-04-29,292,"timber"
"T-4",2024-04-30,304,"timber"
"T-4",2024-05-01,422,"timber"
"T-4",2024-05-02,181,"timber"
"T-4",2024-05-03,166,"timber"
"T-4",2024-05-04,376,"timber"
"T-4",2024-05-05,225,"timber"
"T-4",2024-05-06,366,"timber"
"T-4",2024-05-07,385,"timber"
"T-4",2024-05-08,261,"timber"
"T-4",2024-05-09,113,"timber"
"T-4",2024-05-10,96,"timber"
"T-4",2024-05-11,143,"timber"
"T-4",2024-05-12,303,"timber"
"T-4",2024-05-13,268,"timber"
"T-4",2024-05-14,334,"timber"
"T-4",2024-05-15,71,"timber"
"T-4",2024-05-16,167,"timber"
"T-4",2024-05-17,197,"timber"
"T-4",2024-05-18,123,"timber"
"T-4",2024-05-19,14,"timber"
"T-4",2024-05-20,97,"timber"
"T-4",2024-05-21,247,"timber"
"T-4",2024-05-22,168,"timber"
"T-4",2024-05-23,257,"timber"
"T-4",2024-05-24,111,"timber"
"T-4",2024-05-25,203,"timber"
"T-4",2024-05-26,156,"timber"
"T-4",2024-05-27,124,"timber"
"T-4",2024-05-28,210,"timber"
"T-4",2024-05-29,117,"timber"
"T-4",2024-05-30,340,"timber"
"T-4",2024-05-31,307,"timber"
"T-4",2024-06-01,175,"timber"
"T-4",2024-06-02,443,"timber"
"T-4",2024-06-03,434,"timber"
"T-4",2024-06-04,289,"timber"
"T-4",2024-06-05,285,"timber"
"T-4",2024-06-06,134,"timber"
"T-4",2024-06-07,103,"timber"
"T-4",2024-06-08,225,"timber"
"T-4",2024-06-09,184,"timber"
"T-4",2024-06-10,101,"timber"
"T-4",2024-06-11,179,"timber"
"T-4",2024-06-12,176,"timber"
"T-4",2024-06-13,185,"timber"
"T-4",2024-06-14,262,"timber"
"T-4",2024-06-15,306,"timber"
"T-4",2024-06-16,252,"timber"
"T-4",2024-06-17,349,"timber"
"T-4",2024-06-18,190,"timber"
"T-4",2024-06-19,374,"timber"
"T-4",2024-06-20,289,"timber"
"T-4",2024-06-21,261,"timber"
"T-4",2024-06-22,104,"timber"
"T-4",2024-06-23,85,"timber"
"T-4",2024-06-24,105,"timber"
"T-4",2024-06-25,36,"timber"
"T-4",2024-06-26,91,"timber"
"T-4",2024-06-27,249,"timber"
"T-4",2024-06-28,87,"timber"
"T-6",2024-03-10,0,"timber"
"T-6",2024-03-11,0,"timber"
"T-6",2024-03-12,0,"timber"
"T-6",2024-03-13,0,"timber"
"T-6",2024-03-14,0,"timber"
"T-6",2024-03-15,0,"timber"
"T-6",2024-03-16,0,"timber"
"T-6",2024-03-17,0,"timber"
"T-6",2024-03-18,3,"timber"
"T-6",2024-03-19,0,"timber"
"T-6",2024-03-20,0,"timber"
"T-6",2024-03-21,43,"timber"
"T-6",2024-03-22,13,"timber"
"T-6",2024-03-23,7,"timber"
"T-6",2024-03-24,3,"timber"
"T-6",2024-03-25,3,"timber"
"T-6",2024-03-26,3,"timber"
"T-6",2024-03-27,159,"timber"
"T-6",2024-03-28,13,"timber"
"T-6",2024-03-29,50,"timber"
"T-6",2024-03-30,1,"timber"
"T-6",2024-03-31,60,"timber"
"T-6",2024-04-01,25,"timber"
"T-6",2024-04-02,9,"timber"
"T-6",2024-04-03,1,"timber"
"T-6",2024-04-04,0,"timber"
"T-6",2024-04-05,0,"timber"
"T-6",2024-04-06,0,"timber"
"T-6",2024-04-07,1,"timber"
"T-6",2024-04-08,63,"timber"
"T-6",2024-04-09,27,"timber"
"T-6",2024-04-10,134,"timber"
"T-6",2024-04-11,0,"timber"
"T-6",2024-04-12,0,"timber"
"T-6",2024-04-13,18,"timber"
"T-6",2024-04-14,66,"timber"
"T-6",2024-04-15,188,"timber"
"T-6",2024-04-16,335,"timber"
"T-6",2024-04-17,284,"timber"
"T-6",2024-04-18,308,"timber"
"T-6",2024-04-19,169,"timber"
"T-6",2024-04-20,328,"timber"
"T-6",2024-04-21,102,"timber"
"T-6",2024-04-22,284,"timber"
"T-6",2024-04-23,149,"timber"
"T-6",2024-04-24,215,"timber"
"T-6",2024-04-25,190,"timber"
"T-6",2024-04-26,68,"timber"
"T-6",2024-04-27,359,"timber"
"T-6",2024-04-28,257,"timber"
"T-6",2024-04-29,115,"timber"
"T-6",2024-04-30,86,"timber"
"T-6",2024-05-01,44,"timber"
"T-6",2024-05-02,170,"timber"
"T-6",2024-05-03,411,"timber"
"T-6",2024-05-04,434,"timber"
"T-6",2024-05-05,166,"timber"
"T-6",2024-05-06,254,"timber"
"T-6",2024-05-07,274,"timber"
"T-6",2024-05-08,250,"timber"
"T-6",2024-05-09,194,"timber"
"T-6",2024-05-10,104,"timber"
"T-6",2024-05-11,423,"timber"
"T-6",2024-05-12,587,"timber"
"T-6",2024-05-13,201,"timber"
"T-6",2024-05-14,277,"timber"
"T-6",2024-05-15,70,"timber"
"T-6",2024-05-16,346,"timber"
"T-6",2024-05-17,458,"timber"
"T-6",2024-05-18,179,"timber"
"T-6",2024-05-19,183,"timber"
"T-6",2024-05-20,392,"timber"
"T-6",2024-05-21,467,"timber"
"T-6",2024-05-22,658,"timber"
"T-6",2024-05-23,597,"timber"
"T-6",2024-05-24,139,"timber"
"T-6",2024-05-25,285,"timber"
"T-6",2024-05-26,101,"timber"
"T-6",2024-05-27,175,"timber"
"T-6",2024-05-28,267,"timber"
"T-6",2024-05-29,332,"timber"
"T-6",2024-05-30,311,"timber"
"T-6",2024-05-31,397,"timber"
"T-6",2024-06-01,363,"timber"
"T-6",2024-06-02,219,"timber"
"T-6",2024-06-03,276,"timber"
"T-6",2024-06-04,171,"timber"
"T-6",2024-06-05,193,"timber"
"T-6",2024-06-06,240,"timber"
"T-6",2024-06-07,211,"timber"
"T-6",2024-06-08,273,"timber"
"T-6",2024-06-09,284,"timber"
"T-6",2024-06-10,352,"timber"
"T-6",2024-06-11,171,"timber"
"T-6",2024-06-12,333,"timber"
"T-6",2024-06-13,372,"timber"
"T-6",2024-06-14,238,"timber"
"T-6",2024-06-15,253,"timber"
"T-6",2024-06-16,287,"timber"
"T-6",2024-06-17,528,"timber"
"T-6",2024-06-18,237,"timber"
"T-6",2024-06-19,381,"timber"
"T-6",2024-06-20,283,"timber"
"T-6",2024-06-21,179,"timber"
"T-6",2024-06-22,122,"timber"
"T-6",2024-06-23,209,"timber"
"T-6",2024-06-24,254,"timber"
"T-6",2024-06-25,169,"timber"
"T-6",2024-06-26,133,"timber"
"T-6",2024-06-27,253,"timber"
"T-6",2024-06-28,367,"timber"
"T-9",2024-03-10,0,"timber"
"T-9",2024-03-11,0,"timber"
"T-9",2024-03-12,0,"timber"
"T-9",2024-03-13,3,"timber"
"T-9",2024-03-14,2,"timber"
"T-9",2024-03-15,0,"timber"
"T-9",2024-03-16,15,"timber"
"T-9",2024-03-17,0,"timber"
"T-9",2024-03-18,3,"timber"
"T-9",2024-03-19,0,"timber"
"T-9",2024-03-20,5,"timber"
"T-9",2024-03-21,97,"timber"
"T-9",2024-03-22,2,"timber"
"T-9",2024-03-23,0,"timber"
"T-9",2024-03-24,0,"timber"
"T-9",2024-03-25,25,"timber"
"T-9",2024-03-26,0,"timber"
"T-9",2024-03-27,96,"timber"
"T-9",2024-03-28,0,"timber"
"T-9",2024-03-29,7,"timber"
"T-9",2024-03-30,53,"timber"
"T-9",2024-03-31,19,"timber"
"T-9",2024-04-01,14,"timber"
"T-9",2024-04-02,70,"timber"
"T-9",2024-04-03,1,"timber"
"T-9",2024-04-04,4,"timber"
"T-9",2024-04-05,0,"timber"
"T-9",2024-04-06,0,"timber"
"T-9",2024-04-07,0,"timber"
"T-9",2024-04-08,65,"timber"
"T-9",2024-04-09,60,"timber"
"T-9",2024-04-10,74,"timber"
"T-9",2024-04-11,0,"timber"
"T-9",2024-04-12,1,"timber"
"T-9",2024-04-13,110,"timber"
"T-9",2024-04-14,168,"timber"
"T-9",2024-04-15,103,"timber"
"T-9",2024-04-16,158,"timber"
"T-9",2024-04-17,409,"timber"
"T-9",2024-04-18,352,"timber"
"T-9",2024-04-19,311,"timber"
"T-9",2024-04-20,245,"timber"
"T-9",2024-04-21,222,"timber"
"T-9",2024-04-22,417,"timber"
"T-9",2024-04-23,387,"timber"
"T-9",2024-04-24,285,"timber"
"T-9",2024-04-25,244,"timber"
"T-9",2024-04-26,130,"timber"
"T-9",2024-04-27,359,"timber"
"T-9",2024-04-28,144,"timber"
"T-9",2024-04-29,277,"timber"
"T-9",2024-04-30,287,"timber"
"T-9",2024-05-01,546,"timber"
"T-9",2024-05-02,797,"timber"
"T-9",2024-05-03,550,"timber"
"T-9",2024-05-04,467,"timber"
"T-9",2024-05-05,356,"timber"
"T-9",2024-05-06,593,"timber"
"T-9",2024-05-07,489,"timber"
"T-9",2024-05-08,512,"timber"
"T-9",2024-05-09,368,"timber"
"T-9",2024-05-10,473,"timber"
"T-9",2024-05-11,709,"timber"
"T-9",2024-05-12,685,"timber"
"T-9",2024-05-13,459,"timber"
"T-9",2024-05-14,259,"timber"
"T-9",2024-05-15,315,"timber"
"T-9",2024-05-16,586,"timber"
"T-9",2024-05-17,562,"timber"
"T-9",2024-05-18,778,"timber"
"T-9",2024-05-19,320,"timber"
"T-9",2024-05-20,682,"timber"
"T-9",2024-05-21,455,"timber"
"T-9",2024-05-22,479,"timber"
"T-9",2024-05-23,500,"timber"
"T-9",2024-05-24,262,"timber"
"T-9",2024-05-25,228,"timber"
"T-9",2024-05-26,507,"timber"
"T-9",2024-05-27,497,"timber"
"T-9",2024-05-28,355,"timber"
"T-9",2024-05-29,395,"timber"
"T-9",2024-05-30,418,"timber"
"T-9",2024-05-31,232,"timber"
"T-9",2024-06-01,428,"timber"
"T-9",2024-06-02,527,"timber"
"T-9",2024-06-03,437,"timber"
"T-9",2024-06-04,398,"timber"
"T-9",2024-06-05,234,"timber"
"T-9",2024-06-06,356,"timber"
"T-9",2024-06-07,268,"timber"
"T-9",2024-06-08,553,"timber"
"T-9",2024-06-09,393,"timber"
"T-9",2024-06-10,263,"timber"
"T-9",2024-06-11,576,"timber"
"T-9",2024-06-12,275,"timber"
"T-9",2024-06-13,421,"timber"
"T-9",2024-06-14,289,"timber"
"T-9",2024-06-15,293,"timber"
"T-9",2024-06-16,274,"timber"
"T-9",2024-06-17,222,"timber"
"T-9",2024-06-18,132,"timber"
"T-9",2024-06-19,351,"timber"
"T-9",2024-06-20,279,"timber"
"T-9",2024-06-21,296,"timber"
"T-9",2024-06-22,173,"timber"
"T-9",2024-06-23,164,"timber"
"T-9",2024-06-24,41,"timber"
"T-9",2024-06-25,89,"timber"
"T-9",2024-06-26,299,"timber"
"T-9",2024-06-27,143,"timber"
"T-9",2024-06-28,214,"timber"
